title,desc,year,created_at,cast
Animals United,Public-key,1965,2020-04-14T13:11:03.000Z,Lena Duetschens
"Dispatch from Reuter's, A",Reduced,1996,2020-05-04T22:00:35.000Z,Andrej Peake
Pawn,neutral,1964,2020-05-29T22:51:47.000Z,Raymond Claessens
"Monk and the Fish, The (Le moine et le poisson)",Mandatory,1995,2020-05-10T11:24:44.000Z,Angele Berget
Nashville,24 hour,1903,2020-05-28T21:26:20.000Z,Sal Tal
Jönssonligan & den svarta diamanten,groupware,1903,2020-04-27T11:32:06.000Z,Vina Alflatt
Where in the World Is Osama Bin Laden?,website,1958,2020-04-30T08:15:35.000Z,Emlyn Axcell
Blithe Spirit,Horizontal,1943,2020-05-29T20:32:47.000Z,Raul Harrild
"Crime of Monsieur Lange, The (Le crime de Monsieur Lange)",alliance,2017,2020-04-29T13:21:41.000Z,Lucy Parton
G@me,methodical,1953,2020-04-12T00:45:40.000Z,Lyndsay Malecky
Dark Tide,data-warehouse,1993,2020-04-10T23:41:45.000Z,Samuel Wisden
Not Forgotten,content-based,1995,2020-04-08T07:41:36.000Z,Merle Gosker
"Hen, his wife",Right-sized,1917,2020-05-07T10:53:20.000Z,Brigid Whaley
Heart of a Dog (Sobachye serdtse),dedicated,1917,2020-04-05T04:02:23.000Z,Maddy Filmer
First Daughter,cohesive,1931,2020-04-12T16:40:57.000Z,Gus Le Noury
Devdas,implementation,1985,2020-04-11T19:29:03.000Z,Maurene Riggs
The Adventures of Hercules,4th generation,1898,2020-04-29T09:19:31.000Z,Juditha Eckert
First Cousin Once Removed,matrix,2013,2020-05-06T13:13:36.000Z,Michelina Guihen
Private Parts,methodology,1896,2020-05-17T02:43:59.000Z,Chickie Blethyn
Ghosts... of the Civil Dead,Robust,2000,2020-04-11T18:41:55.000Z,Yuri Christoffels
Convoy,logistical,1911,2020-04-01T21:34:48.000Z,Krissie Ilewicz
Human Planet,Diverse,2007,2020-05-18T04:03:52.000Z,Letitia Aumerle
"Bourne Identity, The",productivity,2002,2020-04-11T22:31:00.000Z,Amitie Pulman
"Terror Within, The",modular,1991,2020-04-26T18:26:30.000Z,Gertruda Espinazo
All About Lola (Ce que je sais de Lola) (Lo que sé de Lola),orchestration,1990,2020-05-15T09:51:41.000Z,Melanie Gallaway
Limit (Limite),Programmable,1906,2020-05-19T01:00:19.000Z,Holli Rosenbloom
Hellraiser: Deader,exuding,1969,2020-05-01T12:26:01.000Z,Estele Launder
Guest of Cindy Sherman,Synchronised,1945,2020-04-27T10:40:45.000Z,Newton Jager
Miranda,dedicated,1919,2020-05-18T07:27:31.000Z,Kat Daddow
I Do: How to Get Married and Stay Single (Prête-moi ta main),Graphical User Interface,1901,2020-05-22T23:07:51.000Z,Lenette Horstead
Prospero's Books,Inverse,1952,2020-05-23T17:37:56.000Z,Lee Stroton
Playing for Time,product,2008,2020-05-10T17:02:32.000Z,Anthony Wennington
"Tiger Brigades, The (Les brigades du Tigre)",Configurable,1995,2020-04-12T15:25:20.000Z,Todd Sissot
Stalingrad,system-worthy,1925,2020-05-30T02:28:22.000Z,Omero Egdal
The New Babylon,radical,1994,2020-04-05T06:14:37.000Z,Ingeberg Martynikhin
Sense and Sensibility,superstructure,1968,2020-05-21T05:28:39.000Z,Eddie Clausius
Jenny,application,1912,2020-05-24T05:20:22.000Z,Shaughn Schapiro
No Way Home,open architecture,1981,2020-04-13T15:47:56.000Z,Alexa Pidon
Princess Tam-Tam (Princesse Tam-Tam),Business-focused,1975,2020-05-08T02:23:50.000Z,Birgitta Dowell
Entre ses mains,Programmable,2007,2020-05-25T10:53:11.000Z,Johna Guillard
Beer,upward-trending,2014,2020-04-02T02:47:50.000Z,Kamilah Edgcumbe
Elena,frame,2011,2020-04-14T18:59:26.000Z,Wilmer Truswell
Passage to Marseille,Organic,1970,2020-04-23T03:06:47.000Z,Bret Thirlaway
Family Resemblances (Un air de famille),standardization,1911,2020-05-13T23:08:18.000Z,Duffy Steeden
Australian Atomic Confessions,capacity,1907,2020-04-29T05:31:23.000Z,Cazzie Geffcock
Shivers (They Came from Within),bi-directional,1942,2020-05-03T16:55:40.000Z,Myriam Lukasen
Training Day,Persistent,1976,2020-05-10T15:21:39.000Z,Court Kighly
Angel on My Shoulder,interactive,1896,2020-04-06T10:17:11.000Z,Donny Jobson
When a Woman Ascends the Stairs (Onna ga kaidan wo agaru toki),moratorium,1920,2020-04-16T13:23:55.000Z,Rosalynd Abramovitch
Next of Kin,Optional,1934,2020-04-06T12:05:15.000Z,Valma Woollcott
Everyone Says I Love You,info-mediaries,1931,2020-05-26T21:49:34.000Z,Korry Kield
Bruiser,optimal,1936,2020-04-21T01:48:00.000Z,Demetrius McGarrahan
Radio On,help-desk,1992,2020-05-10T04:08:36.000Z,Klarrisa Arnau
Three of Hearts,real-time,1955,2020-05-23T17:28:54.000Z,Kevyn Grunbaum
Captain America: The Winter Soldier,access,1995,2020-04-17T17:55:17.000Z,Brina Bullent
"Guilt Trip, The",optimal,1985,2020-05-02T23:08:45.000Z,Elayne Rentalll
"Gentlemen Don't Eat Poets (Grotesque, The)",firmware,1993,2020-05-05T00:33:48.000Z,Rodolphe Corragan
Bedazzled,artificial intelligence,2005,2020-05-25T03:37:30.000Z,Meryl Poluzzi
Amor?,matrix,1992,2020-04-21T15:21:02.000Z,Simmonds Ajam
She Wouldn't Say Yes,flexibility,1909,2020-04-28T21:20:00.000Z,Emelda Teese
"Return of the Magnificent Seven, The (a.k.a. Return of the Seven)",heuristic,1996,2020-04-24T11:32:29.000Z,Ilaire O'Halloran
The Voices,customer loyalty,1928,2020-04-02T04:52:15.000Z,Josh Luciani
"Dead Hate the Living!, The",Devolved,1972,2020-05-10T21:39:11.000Z,Enrika Brissard
Manhattan Melodrama,high-level,1905,2020-05-04T17:57:10.000Z,Marielle Skehens
Belle Starr,flexibility,2002,2020-04-30T06:14:13.000Z,Bowie Gianneschi
"Horseman, The",workforce,1973,2020-04-05T16:22:21.000Z,Pat Amer
Let the Fire Burn,optimal,2014,2020-04-14T17:48:07.000Z,Leora Illingsworth
Mountain Patrol (Kekexili),foreground,1941,2020-05-09T08:39:53.000Z,Faustina Ickowicz
"Grand Maneuver, The (Les grandes manoeuvres)",Adaptive,1923,2020-04-09T13:57:57.000Z,Jolene Flecknoe
Kissing Jessica Stein,background,2002,2020-05-03T22:00:16.000Z,Darbee Fee
L.627,hardware,1909,2020-04-11T11:05:36.000Z,Calla Ballaam
"State of Things, The (Stand der Dinge, Der)",Visionary,1946,2020-05-16T19:53:57.000Z,Amity MacMakin
"Woods, The",hierarchy,1935,2020-04-07T21:49:41.000Z,Dunn Paradis
Candyman: Farewell to the Flesh,Cross-platform,1905,2020-05-26T20:47:18.000Z,Miles Redbourn
Paintball,Open-architected,1972,2020-05-10T12:48:17.000Z,Kippar Aburrow
Brother (Brat),Phased,1952,2020-04-17T20:37:01.000Z,Mortimer Gillford
"English Patient, The",Realigned,1957,2020-04-22T09:28:28.000Z,Kain Vasyaev
"Cosmonaut, The",moderator,1972,2020-05-29T06:58:24.000Z,Herb Simone
Holiday (Jour de fête),array,1941,2020-05-16T21:50:56.000Z,Jerome Spillett
Under African Skies,Customizable,1973,2020-04-02T04:58:11.000Z,Brooks Plumbley
Sounder,Devolved,1974,2020-05-26T18:42:19.000Z,Sherrie Boleyn
"Death of Maria Malibran, The (Der Tod der Maria Malibran)",heuristic,1914,2020-05-30T10:54:24.000Z,Wayland Vogelein
Birth of the Living Dead,Graphic Interface,1917,2020-04-23T12:53:14.000Z,Bianka Gammell
Red Beard (Akahige),Operative,1947,2020-04-25T11:25:43.000Z,Jasmine Custard
"Gun in Betty Lou's Handbag, The",Decentralized,1964,2020-04-19T19:26:39.000Z,Raquel Clutheram
Kiss Me Deadly,Exclusive,1964,2020-04-03T22:05:44.000Z,Orsa Emsley
Twelve,monitoring,1956,2020-05-29T21:13:42.000Z,Brandise Broadist
Vital,artificial intelligence,1926,2020-05-04T09:17:07.000Z,Ysabel Rawstron
Sitting Pretty,Diverse,1913,2020-05-21T17:34:57.000Z,Petronella Thornewell
Tyler Perry's Temptation: Confessions of a Marriage Counselor,well-modulated,1934,2020-05-22T11:44:22.000Z,Nelly Dufaire
Persona,homogeneous,1902,2020-05-05T07:15:01.000Z,Jolene Kindread
FearDotCom (a.k.a. Fear.com) (a.k.a. Fear Dot Com),internet solution,1965,2020-04-24T03:05:18.000Z,Muriel Lalevee
"Walk in the Clouds, A",impactful,1954,2020-04-20T05:53:12.000Z,Gifford Hudel
Forest Warrior,artificial intelligence,2016,2020-05-20T14:44:42.000Z,Bennett Maddox
Better Living Through Circuitry,Realigned,1928,2020-04-09T01:57:40.000Z,Cheslie Le Estut
Ping Pong Playa,product,1964,2020-04-24T18:39:48.000Z,Whitney Ottawell
"White Massai, The (Weisse Massai, Die)",Organic,1957,2020-05-13T17:15:39.000Z,Fanchon Kennermann
Necessary Roughness,tertiary,2020,2020-04-08T10:48:20.000Z,Ermengarde Shoveller
Hui Buh: The Castle Ghost,support,1934,2020-05-14T18:12:41.000Z,Corina Althorp
Kill the Messenger,Profit-focused,1996,2020-04-19T21:59:16.000Z,Ches Kerbey
Two Rabbits (2 Coelhos),hardware,1963,2020-05-23T08:46:45.000Z,Cirilo Kem
Soul Assassin,database,1947,2020-05-11T00:01:37.000Z,Felix Gummery
"Life and Nothing But (Vie et rien d'autre, La)",web-enabled,1907,2020-05-28T07:00:49.000Z,Felice Entreis
The King and Four Queens,structure,1923,2020-04-29T15:54:07.000Z,Ernaline Ionn
Spies (Spione),product,1919,2020-05-29T21:24:16.000Z,Etan Cradey
Lone Star,optimal,2016,2020-04-10T19:09:56.000Z,Romeo Sylvaine
Mark Twain,Switchable,1973,2020-04-27T04:18:48.000Z,Adore Kattenhorn
Dark Prince: The True Story of Dracula,Optional,1895,2020-05-21T06:29:27.000Z,Odille Rany
Film Geek,attitude,1903,2020-05-20T14:48:37.000Z,Elbertine Gogin
Stranger on the Third Floor,info-mediaries,1908,2020-04-18T04:47:47.000Z,Katey Conibear
Just Bea (Bare Bea),Down-sized,1948,2020-05-07T09:24:43.000Z,Dominick Syers
"Hitman, The",Triple-buffered,1990,2020-05-15T15:17:02.000Z,Alethea Matskevich
We Can Be Heroes,Grass-roots,2017,2020-05-15T10:22:39.000Z,Juanita Arnaldy
Prospero's Books,human-resource,1965,2020-05-07T01:00:50.000Z,Ella Dimmack
Dangerous Liaisons,framework,2010,2020-05-01T23:38:37.000Z,Lynea Vaugham
Wrestling (Bræðrabylta),Reverse-engineered,1984,2020-05-19T08:21:43.000Z,Ainsley Chmarny
"Super Inframan, The (Zhong guo chao ren)",internet solution,1947,2020-04-04T01:30:27.000Z,Sigfried Pimme
Almost 18,Intuitive,1906,2020-04-15T04:50:31.000Z,Delmar Humbert
13 Going on 30,interactive,1911,2020-04-29T04:17:30.000Z,Brig Colicot
The Princess Comes Across,logistical,1957,2020-05-02T16:46:22.000Z,Pierre Ludlam
Monkeybone,internet solution,1921,2020-05-08T21:53:03.000Z,Marquita Sercombe
"Lie, The",bottom-line,1933,2020-04-19T15:16:19.000Z,Sergio Berge
Jönssonligan & den svarta diamanten,interactive,2012,2020-05-22T01:43:53.000Z,Heidi Feaveryear
Gleaming the Cube,holistic,1924,2020-04-08T06:45:38.000Z,Brooks Ambroix
"Lucky Texan, The",Polarised,1937,2020-05-05T21:43:35.000Z,Fayre Carnduff
Weekend,demand-driven,1978,2020-05-23T20:18:44.000Z,Mandie Hanse
Seven Thieves,application,1995,2020-04-13T17:13:04.000Z,Codi Drei
Commander Hamilton (Hamilton),task-force,1969,2020-04-21T00:37:08.000Z,Esra Speares
Student Bodies,algorithm,1927,2020-05-16T19:00:06.000Z,Stafford Morot
Rendez-vous,didactic,2010,2020-04-09T19:42:36.000Z,Loutitia Rubenovic
Dinner at Eight,Compatible,1929,2020-05-27T15:40:56.000Z,Adele Rymell
Stop Train 349,application,1989,2020-04-30T09:23:35.000Z,Isabeau Maber
"Elusive Summer of '68, The (Varljivo leto '68)",real-time,1964,2020-05-29T20:46:25.000Z,Imojean Reynalds
Jude the Obscure,pricing structure,1892,2020-05-22T23:40:19.000Z,Guillermo Rozalski
Momma's Man,Public-key,1942,2020-04-26T21:54:14.000Z,Sula Youson
Exorcist: The Beginning,24/7,1949,2020-05-13T15:17:44.000Z,Kelsy Duffree
"Snow on the Pines, The",hub,2016,2020-05-23T09:19:51.000Z,Lyn Scothern
Genocide (Konchû daisensô),paradigm,1972,2020-04-26T13:37:00.000Z,Lazaro Jagielski
Scanners II: The New Order,protocol,1891,2020-04-23T10:56:23.000Z,Harald Feetham
Startup.com,info-mediaries,2011,2020-04-27T17:08:05.000Z,Mina Medlar
Blood Feast,Mandatory,1916,2020-04-04T09:19:42.000Z,Garrett Alvarado
Summer Lovers,secondary,1919,2020-04-10T00:01:53.000Z,Constantine Yates
Cabin Fever,Centralized,2017,2020-04-20T00:05:04.000Z,Sabine Ounsworth
Mammy,object-oriented,1937,2020-05-17T00:26:49.000Z,Ruggiero Daish
Barnacle Bill,object-oriented,1990,2020-04-09T10:49:26.000Z,Sherwin Drains
Over the Hedge,focus group,1914,2020-04-18T20:03:13.000Z,Robin Haysham
Rawhead Rex,Object-based,1964,2020-05-27T11:01:36.000Z,Odessa Seebert
Pootie Tang,Devolved,2003,2020-04-27T15:50:50.000Z,Federica Speer
Critters 3,foreground,1890,2020-05-24T22:34:42.000Z,Gabriellia Franscioni
Election,Expanded,1996,2020-04-23T08:20:47.000Z,Paton Whaley
Den sommeren jeg fylte 15,Compatible,1941,2020-04-03T06:59:47.000Z,Mel Matovic
"Waiting Room, The",Networked,1931,2020-04-17T19:41:40.000Z,Rickert Juppe
Breaking the Rules,mission-critical,2012,2020-05-01T04:33:44.000Z,Ethelin Hanscom
"Serious Man, A",benchmark,1988,2020-05-08T15:34:33.000Z,Petunia Rubinov
Howling III: The Marsupials,foreground,1963,2020-04-18T04:34:16.000Z,Verina McPeeters
Bakhita,archive,1978,2020-05-24T14:28:30.000Z,Dominica Matherson
"Foot Fist Way, The",mobile,1947,2020-05-25T08:05:11.000Z,Nonnah Akess
Ten North Frederick,circuit,1952,2020-05-29T22:29:54.000Z,Charlean Potkin
"Seeker: The Dark Is Rising, The",info-mediaries,2018,2020-04-17T08:42:32.000Z,Bobbie Petrie
Make the Yuletide Gay,systemic,2004,2020-05-20T13:44:36.000Z,Patten Espada
"Plough and the Stars, The",Total,1900,2020-04-07T04:50:12.000Z,Donia Harpur
Into the Forest of Fireflies' Light,help-desk,1920,2020-05-15T21:19:33.000Z,Marion Rassmann
Female Trouble,Public-key,1956,2020-04-22T14:35:37.000Z,Martina Gresch
Sharktopus,Inverse,1937,2020-05-06T07:03:36.000Z,Andreana Iggulden
"Anthropophagus: The Grim Reaper (Antropophagus) (Man Beast) (Savage Island, The) (Zombie's Rage, The)",scalable,1923,2020-04-04T03:03:32.000Z,Tyrus Franz
Lightning Strikes Twice,Universal,1932,2020-04-12T20:59:50.000Z,Hamlin Lawden
Ace Ventura: Pet Detective,web-enabled,2019,2020-05-08T07:43:39.000Z,Killie Golborn
"Date with Judy, A",Down-sized,1987,2020-04-30T05:59:59.000Z,Lurleen Dracksford
"Strange Case of Dr. Jekyll and Miss Osbourne, The (Dr. Jekyll and His Women) (Docteur Jekyll et les femmes)",web-enabled,1970,2020-04-28T05:45:20.000Z,Florentia Broadwood
"Farmer's Wife, The",Inverse,1894,2020-04-02T03:05:07.000Z,Dyana Stone Fewings
Tora-san Our Lovable Tramp (Otoko wa tsurai yo),Cross-group,1915,2020-05-17T23:22:40.000Z,Nathanial Ticic
Christmas Vacation (National Lampoon's Christmas Vacation),dynamic,1956,2020-04-23T20:49:03.000Z,Allis Ongin
Tali-Ihantala 1944,3rd generation,1893,2020-05-07T17:49:33.000Z,Odelia Tippett
1971,website,1978,2020-05-19T10:14:29.000Z,Tyrone Smallwood
Chromophobia,attitude-oriented,1903,2020-04-07T03:41:45.000Z,Melita Annatt
Sons of Perdition,4th generation,1900,2020-04-05T09:37:59.000Z,Ebenezer Evequot
I'm Crazy About Iris Blond,Fully-configurable,2013,2020-04-22T19:08:12.000Z,Selle Langcaster
Into the Forest of Fireflies' Light,Switchable,1925,2020-04-10T21:12:42.000Z,Emlynn Furness
Rudolph the Red-Nosed Reindeer,Persevering,1944,2020-04-20T07:39:02.000Z,Ketti Pfleger
"Klansman, The",emulation,1918,2020-04-07T21:04:24.000Z,Darnell Rudolfer
Flash of Genius,access,1975,2020-05-17T18:06:24.000Z,Denis Heiner
Hitman,Decentralized,1927,2020-05-02T16:21:06.000Z,Aubert Haslen
Lover's Knot,frame,2014,2020-05-14T15:07:20.000Z,Jacklyn Ashingden
In Cold Blood,flexibility,1976,2020-05-22T22:35:44.000Z,Deane Melland
Mi Amigo Hugo,Virtual,2006,2020-04-13T13:29:38.000Z,Aimee Dilleston
Overnight,protocol,1947,2020-04-26T00:49:35.000Z,Kenton Keenleyside
Megacities,infrastructure,1990,2020-04-05T15:15:11.000Z,Donica Ramshay
"Seven-Per-Cent Solution, The",extranet,1925,2020-04-22T07:55:02.000Z,Lemmie Drioli
Workingman's Death,mobile,2011,2020-04-15T00:41:51.000Z,Daisie Rowsell
Suspect,6th generation,1922,2020-05-16T00:17:49.000Z,Annissa Vockings
"Hello, Friend",instruction set,1921,2020-04-13T09:54:32.000Z,Erin Kleinplac
"Khroustaliov, My Car! (Khrustalyov, mashinu!)",Enterprise-wide,1914,2020-05-29T03:58:44.000Z,Nolly Ridulfo
Hannie Caulder,focus group,1992,2020-04-29T04:09:04.000Z,Domeniga Van Halle
Isi & Disi: Amor a lo bestia,Multi-lateral,1991,2020-04-23T10:52:51.000Z,Pail Ezele
King Kong vs. Godzilla (Kingukongu tai Gojira),Automated,2002,2020-04-24T23:15:30.000Z,Lucio East
Camel Spiders,secondary,1995,2020-03-31T12:05:53.000Z,Regan Salterne
Lethal Weapon 4,Horizontal,1915,2020-04-09T22:37:35.000Z,Horacio Urry
Tied,cohesive,1927,2020-05-05T05:35:18.000Z,Joshua Chesters
"Easy Life, The (Il Sorpasso)",Monitored,1923,2020-04-19T03:26:06.000Z,Buck Tomkinson
Birdcage Inn (Paran daemun),local,1892,2020-04-14T17:22:06.000Z,Benedicto Pedron
Let's Get Those English Girls,analyzing,1972,2020-04-11T13:22:16.000Z,Felita Kliment
"Damsel in Distress, A",Ergonomic,1895,2020-05-19T17:40:52.000Z,Mellicent Cleife
"Red Squirrel, The (Ardilla roja, La)",benchmark,1893,2020-05-20T23:19:04.000Z,Willy Bauldrey
"Now You See Him, Now You Don't",Ergonomic,1993,2020-05-18T07:50:25.000Z,Gretchen Merrell
Brokeback Mountain,Fully-configurable,1997,2020-04-07T06:53:43.000Z,Almira Leftly
Good Dick,info-mediaries,1909,2020-05-26T16:24:48.000Z,Bryan Thirlaway
"Long Gray Line, The",extranet,1922,2020-05-27T11:36:33.000Z,Sutherland Maypother
Karlsson Brothers (Bröderna Karlsson),responsive,1976,2020-04-21T05:19:03.000Z,Giuseppe Vezey
Love Ghost (Shibito no koiwazura),Open-source,1971,2020-05-11T07:46:38.000Z,Ephraim Etoile
The D Train,well-modulated,1994,2020-04-13T09:36:54.000Z,Briney Grolle
Barbarosa,groupware,1988,2020-05-18T03:41:59.000Z,Von Tape
My Fellow Americans,success,1961,2020-05-22T14:40:13.000Z,Fay Joanic
Commune,Cloned,1946,2020-04-11T09:58:25.000Z,Cathrin Swinburne
Home for the Holidays,Distributed,1913,2020-05-06T18:36:44.000Z,Franciskus Pouck
I'm Not There,orchestration,1978,2020-04-24T19:51:25.000Z,Fania Staterfield
Closer,interactive,1948,2020-04-07T14:45:23.000Z,Bryon Mulholland
Hell's Angels,cohesive,1948,2020-04-28T06:00:01.000Z,Aile Preist
Last Dance,Fundamental,1892,2020-04-13T22:18:06.000Z,Kev Sondon
Charlie Chan in the Secret Service,Re-engineered,1990,2020-04-14T04:53:15.000Z,Kelsi Spire
"Black Stallion, The",parallelism,1905,2020-04-20T17:15:31.000Z,Dav Aikenhead
Thunderbolt (Pik lik feng),multi-state,1988,2020-05-04T02:23:05.000Z,Clim Sharper
Never Let Me Go,Optional,1971,2020-03-31T21:33:47.000Z,Vladamir Baress
"Black Waters of Echo's Pond, The",needs-based,2013,2020-05-20T19:46:41.000Z,Modestia Orwin
Corvette Summer,national,1942,2020-04-25T20:48:11.000Z,Hyacintha Spinige
The Oblong Box,Innovative,1913,2020-04-05T03:13:29.000Z,Terrell Blasetti
History of the World: Part I,service-desk,1947,2020-04-21T03:21:08.000Z,Ilyssa Ivanusyev
Valkyrie,matrix,1903,2020-04-09T04:56:28.000Z,Renate Jarrard
Reality,success,1991,2020-04-09T10:24:14.000Z,Kylen Dinis
"Death of the Incredible Hulk, The",Open-architected,2015,2020-04-18T19:43:55.000Z,Cassy Edsall
Daylight Robbery,Implemented,1935,2020-05-14T15:23:42.000Z,Perkin Grafham
Hustle,systemic,1901,2020-05-17T16:28:07.000Z,Gabbie Keatley
Young Thugs: Nostalgia (Kishiwada shônen gurentai: Bôkyô),projection,1943,2020-05-02T03:25:41.000Z,Willabella Kenwin
"Experience, The (Tadjrebeh)",zero administration,2004,2020-04-01T21:05:29.000Z,Yank Morlon
Let's Go to Prison,Switchable,1988,2020-05-10T09:39:53.000Z,Crosby Gye
"Harvey Girls, The",open architecture,1895,2020-05-09T16:46:46.000Z,Hamnet Bock
1612: Khroniki smutnogo vremeni,explicit,2001,2020-05-19T12:30:34.000Z,Emile Bellard
Garbage Prince,solution-oriented,1902,2020-04-01T22:39:18.000Z,Florette Peedell
Satisfaction (a.k.a. Girls of Summer),Implemented,1894,2020-05-25T12:38:29.000Z,Alison Charrington
"I Inside, The",info-mediaries,1914,2020-04-29T00:38:20.000Z,Kathy Frier
"Way, Way Back, The",Operative,1895,2020-04-08T06:11:02.000Z,Abran Nattriss
Monsieur Hire,forecast,1956,2020-04-15T09:38:17.000Z,Fabio Benez
D.L. Hughley: Reset,success,1958,2020-05-02T03:52:11.000Z,Frasco Pessler
"Real McCoy, The",stable,1925,2020-05-25T08:39:37.000Z,Angy Oliva
Pumping Iron,24/7,1912,2020-04-06T22:39:35.000Z,Paulo Rummer
For the Love of Benji,implementation,1984,2020-04-26T17:42:14.000Z,Kahlil Kainz
"Fly, The",real-time,1979,2020-05-04T23:48:26.000Z,Arley Comley
"God is Great, I'm Not (Dieu est grand, je suis toute petite)",application,1995,2020-05-26T11:52:17.000Z,Herta Rubertelli
"Next Stop, Greenwich Village",User-centric,1976,2020-05-03T21:43:53.000Z,Jephthah Storrar
Split Second,object-oriented,1909,2020-04-30T05:26:44.000Z,Orland Strover
Big Shots,5th generation,1942,2020-04-02T08:22:22.000Z,Vale Calan
True Crime,Triple-buffered,2010,2020-05-13T16:35:52.000Z,Karalynn Vaines
Shall We Dance,Optimized,1997,2020-04-17T02:12:49.000Z,Lynne Lakin
Highlander,functionalities,1976,2020-04-04T10:02:01.000Z,Carney Rieger
Fifty Shades of Grey,capacity,1909,2020-03-31T12:32:27.000Z,Ebenezer Libermore
Frozen,Pre-emptive,2000,2020-05-04T04:04:25.000Z,Lucretia D'Elia
Next Stop Wonderland,Public-key,1953,2020-04-04T02:13:52.000Z,Georgeanna Limprecht
Thunderpants,neural-net,1932,2020-05-26T19:39:06.000Z,Codie Barbara
Rampage,4th generation,1984,2020-05-04T23:53:15.000Z,Kimberlee De Leek
Amityville: Dollhouse,Robust,1895,2020-05-18T08:54:03.000Z,Winnie Dandy
Crimes of the Heart,multimedia,1970,2020-05-30T05:11:08.000Z,Lorri McElwee
Legend of the Eight Samurai (Satomi hakken-den),info-mediaries,1950,2020-05-14T13:26:39.000Z,Tiffy Maddigan
Mad Love (Sappho),leverage,1945,2020-04-29T13:48:38.000Z,Violante Dorn
Dark Dungeons,open system,1984,2020-04-13T02:28:38.000Z,Jobie Shelly
"Magic of Méliès, The (magie Méliès, La)",fresh-thinking,1902,2020-05-09T07:18:56.000Z,Giffy Sinkins
Transit,archive,1990,2020-05-17T10:15:04.000Z,Merv Spadoni
No Good Deed (a.k.a. The House on Turk Street),Front-line,1975,2020-05-11T05:52:32.000Z,Milty Flahy
"Silent House, The (La casa muda)",neutral,1973,2020-04-12T06:51:41.000Z,Trish Schole
Cencoroll,bi-directional,1901,2020-05-03T04:37:27.000Z,Flory Sleigh
Lymelife,hierarchy,1978,2020-04-15T03:12:01.000Z,Emlynn Ozintsev
Werner - Das muss kesseln!!!,solution-oriented,1940,2020-05-24T12:23:28.000Z,Kermit Ruby
Nothing Sacred,empowering,1990,2020-04-16T10:43:07.000Z,Lilah Carlyle
Runaway Train,Ergonomic,1961,2020-05-09T01:22:41.000Z,Odessa Axcel
Burning Blue,Universal,1925,2020-05-19T08:21:03.000Z,Jayme Ceaser
Tarzan Finds a Son!,website,1988,2020-05-12T05:06:30.000Z,Deeann Lea
Parenti serpenti,Ameliorated,1923,2020-05-03T06:38:36.000Z,Ave Lemmertz
Drag Me to Hell,Graphical User Interface,1907,2020-05-16T04:44:04.000Z,Darn Licciardi
G.O.R.A.,functionalities,2020,2020-04-26T09:39:17.000Z,Carry Dauby
Phantom of the Megaplex,bottom-line,1889,2020-04-30T17:53:06.000Z,Colline Padwick
The Bone Snatcher,discrete,1983,2020-05-16T11:59:51.000Z,Isidor Sineath
All Over Me,encoding,1981,2020-04-30T10:17:25.000Z,Clarence Tollady
FC Venus,open system,1938,2020-04-13T18:11:48.000Z,Bathsheba Mc Carrick
Guilty Hearts,empowering,2005,2020-05-12T07:03:01.000Z,Skipper Le Blond
Nanny McPhee,Multi-lateral,2008,2020-05-15T20:12:26.000Z,Madonna Lamperti
Cleopatra,challenge,1907,2020-05-19T02:53:11.000Z,Esma Joffe
Zorba the Greek (Alexis Zorbas),Persevering,1972,2020-05-06T05:00:28.000Z,Crissie Jude
Hamlet,Intuitive,1898,2020-04-22T10:44:02.000Z,Frederik Knowlman
Barbara,budgetary management,1987,2020-05-07T11:00:54.000Z,Sella Younghusband
Powaqqatsi,actuating,1953,2020-05-25T16:54:32.000Z,Marisa Meeks
Arch of Triumph,installation,2009,2020-05-08T12:37:50.000Z,Klarika Wombwell
"Bridge at Remagen, The",secondary,1930,2020-05-12T10:47:32.000Z,Heywood Ratnage
Wilson,Exclusive,1894,2020-04-02T19:19:12.000Z,Griselda Norley
Planet of the Vampires (Terrore nello spazio),national,2002,2020-05-04T08:57:49.000Z,Evangelina Bairnsfather
"Onion Movie, The",client-driven,1925,2020-04-19T01:18:40.000Z,Nichole Whitsun
Away with Words (San tiao ren),firmware,2010,2020-04-24T03:16:27.000Z,Bethanne Attac
Messenger of Death,grid-enabled,1938,2020-04-08T01:26:10.000Z,Chucho Cramond
"Henry IV, Part I (First Part of King Henry the Fourth, with the Life and Death of Henry Surnamed Hotspur, The)",Innovative,1919,2020-05-29T08:17:20.000Z,Romonda Derbyshire
"Midnight Clear, A",empowering,2012,2020-05-26T15:58:58.000Z,Augustine Pagel
Arthur,extranet,1920,2020-04-29T23:15:13.000Z,Kenna Knotton
Wrong,internet solution,1950,2020-05-22T05:30:27.000Z,Dianne Weale
Rings on Her Fingers,capability,2006,2020-05-17T05:05:30.000Z,Chip Salzberg
"Story of Women (Affaire de femmes, Une)",core,1939,2020-04-22T19:41:17.000Z,Fredia Droghan
Buying the Cow,needs-based,1916,2020-04-29T10:16:42.000Z,Nico Nezey
Dirty Ho (Lan tou He),success,1899,2020-05-06T18:13:11.000Z,Gonzalo Cristea
The End of the Tour,radical,2014,2020-05-15T15:47:12.000Z,Malachi Senechault
Blood Ties,solution-oriented,1942,2020-04-03T17:27:08.000Z,Steffen Quinney
Punching the Clown,zero tolerance,2009,2020-05-22T00:51:07.000Z,Petronille Sapseed
Miracle on 34th Street,forecast,1932,2020-04-12T21:10:23.000Z,Rhea Cleverly
Call Me Madam,human-resource,1907,2020-05-01T14:14:53.000Z,Ludvig Draper
At First Sight,bifurcated,1951,2020-04-22T04:57:39.000Z,Shawn Rayman
Bingo,neutral,1973,2020-05-23T02:41:22.000Z,Batholomew Upcott
127 Hours,Face to face,1908,2020-04-09T03:18:50.000Z,Nannie Iori
Bright Eyes,system engine,2020,2020-03-31T11:17:48.000Z,Torrey Duckerin
Tommy Boy,discrete,1930,2020-04-19T16:50:20.000Z,Hortense Wickendon
Mr. Hobbs Takes a Vacation,forecast,1896,2020-05-07T09:25:23.000Z,Gustavus Caruth
Children Underground,artificial intelligence,1927,2020-05-02T13:26:36.000Z,Amata Isson
"Man Who Couldn't Say No, The (Mies joka ei osannut sanoa EI)",dynamic,1938,2020-05-06T14:54:38.000Z,Susy Astlet
Bridesmaids,intranet,1983,2020-04-28T00:59:56.000Z,Carr Cunah
Cousins in Love (a.k.a. Tender Cousins) (Tendres Cousines),hierarchy,1929,2020-05-22T01:21:26.000Z,Lindsy Anyene
Dope,zero administration,1989,2020-04-19T05:22:50.000Z,Horton Hillock
"Adventurer: The Curse of the Midas Box, The",value-added,1939,2020-05-23T18:22:28.000Z,Jaclyn Gare
Double Take,static,1935,2020-04-17T20:37:23.000Z,Matilde Glave
Glitter,groupware,1906,2020-03-31T10:10:47.000Z,Lavena Snufflebottom
"Legend II, The (Fong Sai Yuk juk jaap)",protocol,1948,2020-05-02T17:20:57.000Z,Godfry Aspling
Angel of Mine (a.k.a. The Mark of an Angel) (L'empreinte de l'ange),Quality-focused,1929,2020-04-11T16:01:49.000Z,Cammie Gandey
Bad Girl Island (Sirens of Eleuthera) (Sirens of the Caribbean),Proactive,1924,2020-04-25T03:57:57.000Z,Robinet Willerstone
"Seventh Continent, The (Der siebente Kontinent)",bottom-line,1943,2020-05-26T15:12:45.000Z,Oliy Denekamp
"X-Files: Fight the Future, The",pricing structure,1896,2020-05-04T07:52:28.000Z,Culver Cathcart
"Foreigner, The",upward-trending,1986,2020-04-23T18:59:23.000Z,Imojean Stokell
North & South,implementation,1942,2020-05-30T21:31:44.000Z,Inness Everly
Little Big Man,Down-sized,1904,2020-04-11T11:10:07.000Z,Shelby Garatty
"Ballad of Little Jo, The",Graphical User Interface,1985,2020-04-12T13:43:03.000Z,Antony Falla
Pornography (Pornografia),contextually-based,1979,2020-05-23T13:09:22.000Z,Benjamen Faussett
Festival in Cannes,process improvement,2013,2020-04-29T04:04:38.000Z,Sibella De Dei
How to Make Love to a Woman,Distributed,1914,2020-05-12T23:19:50.000Z,Paola Manvelle
"3 Rooms of Melancholia, The (Melancholian 3 huonetta)",Managed,2020,2020-04-08T04:30:41.000Z,Floyd Oliff
Dahmer,Advanced,2016,2020-04-11T16:59:23.000Z,Fionnula Ernke
Quackser Fortune Has a Cousin in the Bronx,global,2013,2020-04-26T06:29:57.000Z,Sebastian Lymer
"Thing Called Love, The",Reduced,2009,2020-05-03T06:20:35.000Z,Veronike Mullin
Spooky House,asymmetric,2017,2020-04-12T21:42:14.000Z,Britteny Balwin
"Citadel, The",Upgradable,1984,2020-05-09T06:49:59.000Z,Euell Glassman
Soldier of Orange (a.k.a. Survival Run) (Soldaat van Oranje),Re-engineered,1933,2020-04-29T18:48:38.000Z,Ryun Colston
Green Light,Grass-roots,1955,2020-05-26T14:29:26.000Z,Erminia Ridpath
That's Entertainment,product,2004,2020-04-02T00:17:51.000Z,Teirtza Dyett
American Ninja 5,Centralized,1992,2020-04-26T03:31:11.000Z,Olivero Mourgue
The Brave Little Toaster Goes to Mars,4th generation,1998,2020-04-06T03:28:59.000Z,Charline Paton
Mad Love (Sappho),static,1914,2020-04-16T09:00:03.000Z,Jacinta Wignall
Fragments of an Alms-Film (Fragmentos de um Filme-Esmola: A Sagrada Família),zero administration,1997,2020-04-25T22:01:37.000Z,Tymon Chaplyn
Burning Blue,architecture,1953,2020-05-09T17:01:56.000Z,Marcela Roach
20 Million Miles to Earth,Vision-oriented,1918,2020-04-05T19:15:22.000Z,Brandon Crisell
Bride of the Monster,interface,1955,2020-04-24T06:37:18.000Z,Rik Carrick
Africa: Texas Style,system-worthy,1982,2020-05-23T03:41:18.000Z,Kettie Houseley
Killers,Pre-emptive,1934,2020-04-29T08:26:07.000Z,Milzie Garnall
Inside Man,Seamless,1923,2020-05-20T13:49:06.000Z,Blanch Minghetti
Twelve Monkeys (a.k.a. 12 Monkeys),upward-trending,1976,2020-04-29T06:06:33.000Z,Adelle Arendsen
Mr. Untouchable,Implemented,1895,2020-05-22T09:39:09.000Z,Giles Bewly
One Trick Pony,client-driven,1921,2020-04-05T15:50:15.000Z,Urban Mewett
King of Texas,Grass-roots,2011,2020-05-11T00:18:30.000Z,Quintana Skitt
Stone Reader,logistical,1889,2020-05-18T05:42:22.000Z,Hugo Altamirano
Conan the Barbarian,Enhanced,1962,2020-05-21T02:25:20.000Z,Loni Burndred
Heavy Weather,capacity,1978,2020-04-15T14:41:55.000Z,Ethyl Simka
The Christmas Wish,architecture,1948,2020-05-27T21:04:39.000Z,Dick Pynner
End Game,infrastructure,1894,2020-05-17T05:40:43.000Z,Sapphira Maren
"Misérables, Les",actuating,1981,2020-04-03T12:04:48.000Z,Luigi Tembey
Super High Me,4th generation,1917,2020-04-23T23:12:19.000Z,Perceval Scriviner
"Monster, The",Compatible,1897,2020-04-26T19:17:48.000Z,Dagny Latey
"Cranes Are Flying, The (Letyat zhuravli)",discrete,1905,2020-05-30T17:58:26.000Z,Star Roland
"Passion of Joan of Arc, The (Passion de Jeanne d'Arc, La)",solution,1936,2020-04-17T16:16:20.000Z,Carrie Abazi
Lorna,toolset,1942,2020-04-07T22:04:44.000Z,Terrell Oxbrough
Boomerang,dedicated,2012,2020-04-05T08:30:24.000Z,Kaia Borrington
"Bicycle, Spoon, Apple (Bicicleta, cullera, poma)",asynchronous,1969,2020-05-30T18:05:15.000Z,Olag Harford
Alien Space Avenger,capability,1892,2020-05-02T00:55:17.000Z,Georgeanne Broggio
Delhi-6,project,1930,2020-05-03T14:02:14.000Z,Jackie Belham
Stormbreaker (Alex Rider: Operation Stormbreaker),infrastructure,1939,2020-05-09T16:49:41.000Z,Lon Goodsir
"Demon in My View, A (Der Mann nebenan)",Triple-buffered,1936,2020-05-12T19:35:44.000Z,Jeromy Van Hove
112 Weddings,Secured,1892,2020-04-08T10:53:20.000Z,Christiano Dugood
All is Bright,Organic,1932,2020-05-29T07:06:19.000Z,Hughie Extal
"Story Written with Water, A (Mizu de kakareta monogatari)",customer loyalty,1901,2020-05-14T11:40:01.000Z,Halie Simoneton
Regeneration,database,1987,2020-04-29T19:27:57.000Z,Judon Tuckey
Illegal Tender,asymmetric,1968,2020-05-12T17:33:34.000Z,Arman Bredee
$ellebrity (Sellebrity),contextually-based,1991,2020-05-20T11:41:03.000Z,Tanitansy Scuse
Trance,Persistent,1910,2020-04-25T17:54:12.000Z,Minnie Screeton
Bus 174 (Ônibus 174),Virtual,1976,2020-04-14T08:54:19.000Z,Shamus Rapps
Les modèles de 'Pickpocket',exuding,2019,2020-04-18T11:15:31.000Z,Sherwood Hellwich
Death Wish 5: The Face of Death,mobile,1949,2020-05-04T07:15:30.000Z,Pegeen Spavins
"Lone Ranger, The",didactic,1904,2020-05-03T00:22:23.000Z,Noe Cowper
Someone Marry Barry,Object-based,1950,2020-05-07T02:08:25.000Z,Isiahi Kinge
Blackboards (Takhté Siah),initiative,1945,2020-05-30T06:01:28.000Z,Doyle Brotherhead
All the Boys Love Mandy Lane,Optional,1932,2020-04-06T07:15:24.000Z,Gibb Easter
Fireworks Wednesday (Chaharshanbe-soori),context-sensitive,1939,2020-04-10T06:37:58.000Z,Piper Davenall
Loving Leah,uniform,1895,2020-05-27T05:23:25.000Z,Bernarr Cockshot
Balls of Fury,dedicated,1918,2020-04-04T02:30:36.000Z,Shaylah Dishman
Chasing Amy,User-centric,1994,2020-04-02T23:51:48.000Z,Kathlin Rust
"Bag Man, The",Ameliorated,2013,2020-05-20T21:29:54.000Z,Mar Blaze
Losing Chase,discrete,1978,2020-05-12T10:54:02.000Z,Alix Cullin
Life for Sale (Kotirauha),Virtual,1936,2020-05-09T19:02:44.000Z,Jacquetta Bentson
Frontrunners,Down-sized,1917,2020-04-17T07:50:36.000Z,Mordy Dickin
Isi & Disi: Amor a lo bestia,dynamic,1946,2020-05-14T20:34:13.000Z,Abigale Gamwell
Normal Life,Multi-channelled,1951,2020-05-30T19:57:45.000Z,Clair Sterrick
One Foot in Heaven,product,1932,2020-05-22T07:00:29.000Z,Sloane Smale
"Town is Quiet, The (Ville est tranquille, La)",client-driven,1888,2020-04-01T16:45:08.000Z,Mari Walmsley
Microcosmos (Microcosmos: Le peuple de l'herbe),Virtual,1910,2020-05-15T00:56:33.000Z,Zabrina Siret
Valley of Head Hunters,Multi-lateral,1951,2020-04-27T09:29:45.000Z,Eachelle Hulls
Naked Weapon (Chek law dak gung),utilisation,2015,2020-04-29T06:43:46.000Z,Care Gregolin
Young Goethe in Love,fresh-thinking,1901,2020-04-18T03:47:58.000Z,Nikki Beasleigh
To Die Like a Man (Morrer Como Um Homem),monitoring,1902,2020-04-22T00:18:44.000Z,Linc Knowlman
Jessie James Meets Frankenstein's Daughter,Synergistic,1932,2020-04-04T16:50:50.000Z,Trudi Banat
Suicide Killers,eco-centric,1978,2020-04-26T11:21:33.000Z,Traver Baston
Butch and Sundance: The Early Days,customer loyalty,1957,2020-04-08T23:22:33.000Z,Irena Doolan
Berserk: The Golden Age Arc 3 - Descent,Reactive,1967,2020-04-28T21:35:35.000Z,Tony Derisly
"Black Sleep, The",Exclusive,2002,2020-05-18T18:43:51.000Z,Tallie Goggin
Dead Alive (Braindead),Cross-platform,1956,2020-04-05T13:11:55.000Z,Rasia Sappson
Almost 18,bi-directional,1906,2020-04-20T04:36:59.000Z,Otha Woollacott
Glitter,focus group,1905,2020-04-23T20:47:31.000Z,Cody Ardley
Friends of God: A Road Trip with Alexandra Pelosi,dedicated,1898,2020-04-08T17:42:41.000Z,Audra Barrington
Fine-Tune,Focused,1913,2020-04-11T19:20:58.000Z,Sascha Alexsandrovich
Dragonwyck,Networked,1895,2020-04-11T20:15:10.000Z,Padraic Coghlin
Air Force,website,1946,2020-04-22T03:02:09.000Z,Farrand Propper
Three on a Weekend,approach,1893,2020-05-15T07:16:39.000Z,Fallon Arthurs
That Lady in Ermine,eco-centric,1949,2020-05-16T11:27:37.000Z,Lucinda Drinkall
Time of Roses (Ruusujen aika),human-resource,1890,2020-04-18T02:35:41.000Z,Wyn Leteurtre
Her Alibi,Multi-tiered,1968,2020-04-08T22:33:48.000Z,Leighton Jansik
Final Destination 2,real-time,1993,2020-05-10T17:49:46.000Z,Olva Fronsek
"I Am Taraneh, I Am Fifteen Years Old (Man, taraneh, panzdah sal daram)",Compatible,1975,2020-04-25T02:18:03.000Z,Kienan Snalham
Reality Bites,access,2005,2020-05-09T13:27:47.000Z,Konstantine Sworn
Ong-Bak 3: The Final Battle (Ong Bak 3),monitoring,1952,2020-05-01T17:42:49.000Z,Maxie Raitie
Kicked in the Head,Re-contextualized,1920,2020-05-11T05:09:57.000Z,York Tofts
Wild in the Streets,workforce,1996,2020-05-24T13:46:33.000Z,Kellsie Hanshawe
Norman,foreground,1908,2020-05-11T04:13:48.000Z,Joceline Maidment
Blow Out,Operative,1940,2020-05-12T03:09:41.000Z,Linus Cruce
Witness for the Prosecution,architecture,1950,2020-05-13T02:33:28.000Z,Katharine Preene
"Front Line, The (Go-ji-jeon)",multimedia,1911,2020-04-25T12:16:51.000Z,Petronille Parton
"Birdsong (Cant dels ocells, El)",high-level,1962,2020-04-29T09:11:54.000Z,Dniren Finders
"Chambermaid on the Titanic, The (Femme de chambre du Titanic, La)",moratorium,1938,2020-05-11T15:53:52.000Z,Arvin Borgnet
"Separation, The (Séparation, La)",fresh-thinking,1902,2020-05-14T15:41:59.000Z,Reagen Mitchelmore
"Fourth Angel, The",time-frame,2017,2020-04-14T03:00:16.000Z,Petrina Hibbart
It's All About Love,Progressive,2004,2020-05-29T05:47:20.000Z,Abe Stratley
Wild River,synergy,1945,2020-05-22T04:41:09.000Z,Hendrick Driver
Pavilion of Women,database,2019,2020-04-10T04:23:32.000Z,Eleonora Hember
Trois,human-resource,1979,2020-03-31T05:49:06.000Z,Lynn Reisk
King of Germany,homogeneous,1896,2020-05-15T17:09:04.000Z,Dionysus Siddall
"Children of Leningradsky, The",Cloned,1961,2020-04-04T05:15:11.000Z,Loella Gierardi
Schwarze Sonne,directional,1967,2020-05-06T06:20:07.000Z,Beryl Skelton
Music in the Air,Persevering,1944,2020-04-12T22:35:41.000Z,Gunilla Morgon
Happy End,info-mediaries,1902,2020-05-26T18:01:17.000Z,Carroll Luckham
"Sea Hawk, The",encoding,1955,2020-04-28T04:59:38.000Z,Erena Rudolfer
Tomorrow We Move (Demain on déménage),demand-driven,2013,2020-04-07T19:07:19.000Z,Quinn Lethibridge
Queen of Montreuil,database,1933,2020-05-19T14:57:03.000Z,Brita McHardy
Turning Tide (En solitaire),leading edge,1986,2020-04-27T16:30:06.000Z,Ewart Mainson
Fallen Angel,background,1922,2020-04-13T14:13:48.000Z,Milt Verick
I Drink Your Blood,background,1945,2020-05-13T21:45:17.000Z,Doloritas Beaulieu
Dying of Laughter (Muertos de Risa),hub,1913,2020-05-16T07:13:52.000Z,Karrah Fawthorpe
Vice Squad,Right-sized,1954,2020-04-17T10:13:58.000Z,Ceciley Gladbach
Batman Returns,bi-directional,1890,2020-05-25T23:55:35.000Z,Melosa Vittery
Raw Deal,5th generation,1956,2020-04-11T14:04:25.000Z,Dion Floyed
Deathtrap,Enhanced,1940,2020-05-30T18:44:58.000Z,Carie Gorler
Focus,4th generation,1920,2020-05-08T10:53:50.000Z,Arnuad Osboldstone
"Henry V (Chronicle History of King Henry the Fift with His Battell Fought at Agincourt in France, The)",Diverse,1894,2020-04-16T15:08:35.000Z,Hammad Hartzog
Performance,system-worthy,1962,2020-04-05T03:03:47.000Z,Anabella Cleall
"Kid & I, The",Integrated,1959,2020-05-10T01:44:49.000Z,Bebe Enrico
Patton Oswalt: Finest Hour,artificial intelligence,1889,2020-05-13T13:43:02.000Z,Rey Folini
Let's Be Cops,Synchronised,2011,2020-04-28T16:51:19.000Z,Aldus Ruxton
G.I. Joe: The Rise of Cobra,Realigned,2014,2020-05-11T00:06:55.000Z,Marillin Pollack
"Assault, The (Aanslag, De)",explicit,1906,2020-05-15T23:50:58.000Z,Taddeo Bilbrey
Milka - A Film About Taboos (Milka - elokuva tabuista),Decentralized,1921,2020-05-22T16:09:00.000Z,Maiga Stocky
Little Birds,Centralized,1979,2020-05-30T01:13:49.000Z,Erminia Pond
"Terror Beneath the Sea, The (Kaitei daisensô)",challenge,1997,2020-05-03T15:50:30.000Z,Harmonia Mattschas
"Coast Guard, The (Hae anseon)",Advanced,1990,2020-04-10T20:54:43.000Z,Elke Freda
Always for Pleasure,infrastructure,1943,2020-05-19T04:32:30.000Z,Fair Robecon
Out of the Blue,algorithm,1940,2020-04-13T13:11:28.000Z,Silvie Morad
"Tillman Story, The",structure,1890,2020-04-22T03:24:13.000Z,Reinhold Noyes
Redbelt,Reverse-engineered,1975,2020-04-10T08:25:18.000Z,Marianne Winwood
Valmont,tangible,2010,2020-05-18T16:25:29.000Z,Genvieve Suatt
"Kindred, The",grid-enabled,2019,2020-05-24T15:13:39.000Z,Trey Annear
"Immature, The (Immaturi)",maximized,2009,2020-04-02T23:42:05.000Z,Carma Littley
Two Brothers (Deux frères),hardware,1934,2020-04-01T12:53:51.000Z,Duke Pfeiffer
Wanted! (Nachbarinnen),ability,2005,2020-05-08T11:48:59.000Z,Pearline Michelotti
Rumble Fish,Right-sized,1919,2020-05-05T18:46:24.000Z,Giustino Balducci
Meet the Feebles,modular,1889,2020-04-06T13:53:45.000Z,Violet Otridge
"Man Who Knew Too Much, The",info-mediaries,1971,2020-05-19T14:00:03.000Z,Elinore Twining
Once Upon a Time in the West (C'era una volta il West),reciprocal,1928,2020-05-30T05:10:18.000Z,Mycah Swinnard
Craig Ferguson: A Wee Bit o' Revolution,Re-contextualized,1939,2020-05-19T10:26:44.000Z,Carol-jean Portman
The Fox & the Child,portal,1924,2020-04-06T05:04:20.000Z,Olin Wandrach
Pool of London,upward-trending,1903,2020-05-26T13:55:08.000Z,Hasheem Crooke
Seven Days in Utopia,grid-enabled,1890,2020-04-20T01:50:13.000Z,Ethelred Toomey
Mountain Patrol (Kekexili),exuding,1947,2020-04-29T19:28:04.000Z,Sidonia Franks
"Eye Above the Well, The (Het oog boven de put)",radical,1908,2020-04-07T06:41:11.000Z,Nollie Rubinsztein
Village People Radio Show (Apa khabar orang kampung),access,1891,2020-05-26T01:17:13.000Z,Rees Brolechan
"Union, The",Stand-alone,1956,2020-04-04T21:46:54.000Z,Shanda Prandy
"Circle of Deception, A",internet solution,1987,2020-05-08T13:40:02.000Z,Salomone Studart
Cleopatra,Inverse,1977,2020-05-16T00:13:57.000Z,Biddie Raubenheim
Blues in the Night,product,1971,2020-05-30T02:23:48.000Z,Roland Reyes
"Castle of Cloads, The (Pilvilinna)",Reduced,1985,2020-04-24T10:16:29.000Z,Sunny Jahnisch
Persona,Seamless,2020,2020-04-10T08:35:16.000Z,Glori Byas
Under the Domim Tree (Etz Hadomim Tafus),systemic,1951,2020-05-23T18:35:03.000Z,Jeanna Gifkins
Topsy-Turvy,projection,2015,2020-04-24T11:47:32.000Z,Yalonda Klaassens
The Adventures of Tartu,model,1963,2020-05-13T08:42:12.000Z,Vassily Antonnikov
101 Dalmatians II: Patch's London Adventure,Customer-focused,1953,2020-04-11T20:32:02.000Z,Terrell Bows
Northfork,dynamic,1947,2020-04-28T01:07:35.000Z,Ginevra Fitzsimons
Land of Plenty (Angst and Alienation in America),human-resource,2017,2020-05-05T09:52:32.000Z,Sullivan Winsom
Frisco Jenny,Cross-group,1987,2020-04-18T04:50:47.000Z,Rad Duncklee
Louie Bluie,zero tolerance,1982,2020-04-17T16:03:34.000Z,Glen Learmonth
I Shot a Man in Vegas,Multi-layered,2006,2020-05-14T04:26:54.000Z,Kimberly Guerner
The Last Five Years,pricing structure,1981,2020-05-28T00:16:45.000Z,Nadiya Kunes
Coup de grâce (Der Fangschuß),architecture,1895,2020-04-20T16:10:51.000Z,Violette Nyssen
Sherlock Holmes in Washington,tangible,1910,2020-04-20T04:25:18.000Z,Burke Mounter
Jailbait,interactive,1949,2020-04-20T07:35:00.000Z,Genni Sijmons
"Business of Strangers, The",Progressive,1905,2020-05-13T19:14:51.000Z,Kalli Mallatratt
Friend Zone (Pagafantas),exuding,1937,2020-05-21T07:03:10.000Z,Nyssa Pavese
Children of the Secret State,Open-source,1917,2020-04-29T15:32:41.000Z,Sky Disney
Fair Game,methodology,2017,2020-04-18T01:57:17.000Z,Walden Pettican
Storyville,intranet,1899,2020-03-31T09:55:52.000Z,Vince Measom
Forbidden,paradigm,1973,2020-04-21T16:47:13.000Z,Fawnia Cuskery
"Dam Busters, The",matrices,2000,2020-04-18T18:50:19.000Z,Karolina Woodyatt
Blind Date,Programmable,1902,2020-04-15T04:30:35.000Z,Kathryn Goulden
Identity,bifurcated,1909,2020-05-06T13:44:29.000Z,Ralina Goldstone
Crazy as Hell,product,1890,2020-05-03T22:34:13.000Z,Angela Marklow
Sleeping Beauty,global,2005,2020-05-08T02:05:29.000Z,Carmelita Scarsbrook
Lady Killer,Operative,1962,2020-04-06T05:43:45.000Z,Marketa Titchener
Suburbia,24 hour,1889,2020-05-19T00:31:27.000Z,Lind Vaudre
"Walker, The",optimizing,1963,2020-04-12T02:52:13.000Z,Janine Scouse
"Stranger in Town, A",Persevering,1982,2020-05-12T04:09:28.000Z,Windy Corzor
"Young and the Damned, The (Olvidados, Los)",client-server,1967,2020-04-04T12:07:06.000Z,Regan Dursley
"301, 302 (301/302)",Function-based,2001,2020-04-19T18:55:30.000Z,Fin Hiner
Son of Babylon (Syn Babilonu),help-desk,1908,2020-05-08T17:37:21.000Z,Percy Bow
Slumber Party Massacre II,optimal,1911,2020-05-28T06:34:34.000Z,Verge Pethybridge
Caravaggio,Automated,1985,2020-04-25T15:45:52.000Z,Claudian Allcock
Standing Still,Intuitive,1996,2020-04-19T16:23:04.000Z,Gilemette Keeves
Seeking Justice,attitude,1895,2020-05-24T11:33:40.000Z,Georgia Classen
"Two Women (Ciociara, La)",object-oriented,1981,2020-05-28T07:54:16.000Z,Fabiano Koopman
Take Me Out to the Ball Game,Sharable,1906,2020-04-25T19:29:07.000Z,Ealasaid Gartell
Dischord,support,1958,2020-04-19T05:39:48.000Z,Dimitry Ausello
Fando and Lis (Fando y Lis),Intuitive,1909,2020-04-17T10:14:17.000Z,Willie MacDermott
Police Academy 3: Back in Training,Advanced,1937,2020-04-07T15:52:38.000Z,Roseline Harsnipe
Chasing Ghosts: Beyond the Arcade ,conglomeration,1890,2020-05-24T01:36:47.000Z,Eydie Caldicot
Two-Lane Blacktop,local area network,1981,2020-04-26T03:17:27.000Z,Keelia Escale
"Colour of Magic, The (Terry Pratchett's The Colour of Magic)",content-based,1922,2020-04-22T16:19:57.000Z,Peirce Pentin
Farsan,hub,1917,2020-05-29T22:27:45.000Z,Don Barz
Miss Representation,frame,2015,2020-05-05T01:57:58.000Z,Alvis Latta
"Bounty, The",mission-critical,1945,2020-04-12T18:28:36.000Z,Martina Daintry
D.A.R.Y.L.,Open-source,1888,2020-05-15T04:40:22.000Z,Maxi Siggin
Chicago,migration,2010,2020-05-08T14:25:35.000Z,Nollie Chapiro
"Lion in Winter, The",Synergized,1922,2020-04-14T03:14:04.000Z,Beryl Van Arsdale
Thank You a Lot,context-sensitive,1943,2020-05-18T14:08:55.000Z,Bennett Doig
"Dinner Game, The (Dîner de cons, Le)",cohesive,1888,2020-05-16T11:34:42.000Z,Dedie Heild
Beyond the Lights,algorithm,1897,2020-04-11T20:31:03.000Z,Linnell Ebdon
Two Men in Manhattan (Deux hommes dans Manhattan),transitional,1982,2020-04-19T03:41:47.000Z,Phillipp Guillotin
Class of Nuke 'Em High Part II: Subhumanoid Meltdown,structure,1923,2020-04-08T06:51:36.000Z,Dionis Tommasetti
Odd Girl Out,infrastructure,2004,2020-04-23T16:24:37.000Z,Elberta Paal
No Exit (Huis clos),encompassing,1976,2020-05-21T05:12:40.000Z,Ches Gwyllt
Dragon Ball Z: Bio-Broly (Doragon bôru Z 11: Sûpâ senshi gekiha! Katsu no wa ore da),object-oriented,1971,2020-05-16T05:14:48.000Z,Sandy Whiten
Free Money,Function-based,1987,2020-04-02T13:27:10.000Z,Raquel Marsy
"Crazy Stranger, The (Gadjo Dilo)",complexity,1926,2020-05-30T16:54:46.000Z,Adrienne Million
"Mercredi, folle journée!",success,1896,2020-04-09T02:10:24.000Z,Laureen Idwal Evans
Tokyo Joe,User-centric,1971,2020-04-29T02:24:30.000Z,Martino Filyushkin
Born to Be Wild,synergy,1991,2020-04-07T07:23:27.000Z,Humbert McRannell
Jug Face,Upgradable,1976,2020-04-27T03:22:57.000Z,Kellen Polkinghorne
Rated X,policy,1952,2020-04-19T18:39:38.000Z,Lishe Ficken
What's Eating Gilbert Grape,analyzer,1989,2020-05-24T09:02:34.000Z,Elnore Frantzen
The Man They Could Not Hang,attitude-oriented,1961,2020-05-22T13:03:56.000Z,Kathlin Moizer
Love the Hard Way,interactive,1908,2020-05-10T04:05:26.000Z,Billie Corpe
Antoine and Colette (Antoine et Colette),neural-net,1937,2020-04-15T07:47:50.000Z,Erminie Rideout
"Waiting Room, The",capability,1932,2020-05-23T07:34:01.000Z,Jock Muzzullo
Caterina in the Big City (Caterina va in città),impactful,2015,2020-04-06T12:33:59.000Z,Rupert O'Cannon
Secrets,benchmark,2015,2020-05-03T09:12:25.000Z,Allianora Chastey
My Super Ex-Girlfriend,systemic,1988,2020-05-24T04:59:41.000Z,Leena Labes
Odd Girl Out,Streamlined,2007,2020-04-03T17:14:05.000Z,Marjy Wilding
Cat Soup (Nekojiru-so),flexibility,1993,2020-05-18T14:09:01.000Z,Ysabel Rickertsen
Confetti,application,1914,2020-05-04T10:02:33.000Z,Shani Acklands
Late Marriage (Hatuna Meuheret),User-centric,2004,2020-04-15T19:15:50.000Z,Lynea Marchington
Philomena,empowering,2000,2020-05-28T19:19:10.000Z,Zollie Messer
Dead Meat,Compatible,1971,2020-04-05T05:53:30.000Z,Parry Davidman
Triangle,Stand-alone,1890,2020-04-28T11:53:35.000Z,Marne Dowthwaite
"Goat, The",radical,1905,2020-05-01T15:01:41.000Z,Mariska Haggas
Coyote Ugly,Secured,1938,2020-05-12T00:29:53.000Z,Clary Crim
Hilton!,mobile,1997,2020-05-09T05:05:44.000Z,Dan Roft
Tongan Ninja,Decentralized,1950,2020-04-19T05:38:27.000Z,Filippo Wressell
Prêt à tout,Programmable,2016,2020-05-12T09:59:35.000Z,Genvieve Antuoni
Drowning by Numbers,knowledge user,1944,2020-04-13T02:48:52.000Z,Doyle Brigstock
"Illusion Travels by Streetcar (Ilusión viaja en tranvía, La)",system-worthy,1990,2020-05-29T19:04:19.000Z,Darcey Emmins
South of the Border,dedicated,2019,2020-04-29T03:23:32.000Z,Boris Hutchins
How Much Wood Would a Woodchuck Chuck (Beobachtungen zu einer neuen Sprache),parallelism,1961,2020-05-13T15:05:00.000Z,Marline Donkersley
Kazaam,contingency,1988,2020-04-20T04:00:03.000Z,Leia Haxbie
Brooklyn's Finest,User-centric,1916,2020-04-29T03:37:05.000Z,Kristyn Legister
Love,intranet,1997,2020-05-17T21:13:28.000Z,Thorndike Rayman
Elizabeth,6th generation,2015,2020-04-15T03:28:09.000Z,Nanice O'Henecan
Cannibal Women in the Avocado Jungle of Death,hub,1960,2020-04-30T23:05:46.000Z,Junie Brideau
Cowards Bend the Knee (a.k.a. The Blue Hands),circuit,1935,2020-05-21T05:50:22.000Z,Tawsha Farleigh
Closing the Ring,systematic,1889,2020-04-30T22:07:00.000Z,Hetty Gillice
10 Years,Ameliorated,1917,2020-05-25T05:57:06.000Z,Pepi Tripet
Outlaw Blues,Operative,2020,2020-05-29T03:45:06.000Z,Olenka Myers
"End of Violence, The",neutral,1999,2020-04-24T04:21:15.000Z,Wren Pizer
"Chef in Love, A (Shekvarebuli kulinaris ataserti retsepti)",Inverse,1958,2020-05-13T10:34:48.000Z,Kinnie Thurley
Chicken Little,pricing structure,1932,2020-04-03T18:23:21.000Z,Edvard Dunkerley
Fail Safe,full-range,1927,2020-04-27T16:50:56.000Z,Helaine Armsby
Hide Your Smiling Faces,Reactive,1900,2020-05-05T00:55:31.000Z,Trefor McFie
"Letter, The (La lettre)",4th generation,1891,2020-05-22T04:05:54.000Z,Sanderson McNelly
Billy Jack,data-warehouse,1986,2020-05-28T07:28:34.000Z,Dun Novotni
Pigsty (Porcile),systemic,1922,2020-05-27T11:02:13.000Z,Jolyn Blaze
Stalag 17,object-oriented,1926,2020-04-10T21:37:09.000Z,Hunter McKenna
Bit by Bit,Multi-layered,2014,2020-05-15T22:40:10.000Z,Cart Frackiewicz
Long Day's Journey Into Night,Intuitive,1895,2020-04-29T09:39:20.000Z,Rodrigo Kimmins
Sixtynine,grid-enabled,1992,2020-05-24T16:13:48.000Z,Isabelita Brusin
Captain January,secondary,1930,2020-04-11T12:55:43.000Z,Leora Crean
"Cemetery Club, The",forecast,1904,2020-04-25T17:20:43.000Z,Nathalia Pentland
10 Rillington Place,Enterprise-wide,1941,2020-05-02T22:26:56.000Z,Theo Otto
Great Escape: The Untold Story,Function-based,1936,2020-05-17T01:56:58.000Z,Osbert Butterly
"Loveless, The (Breakdown)",optimizing,1901,2020-04-01T09:47:34.000Z,Joycelin Sharvill
"See No Evil, Hear No Evil",throughput,1977,2020-04-22T15:49:05.000Z,Weber Hugli
Free the Nipple,Expanded,2013,2020-05-12T14:14:54.000Z,Kimberli Bastistini
Ready to Wear (Pret-A-Porter),Fundamental,1996,2020-04-08T22:43:14.000Z,Jerome Cluff
"King in New York, A",Programmable,1984,2020-05-11T13:33:37.000Z,Taddeo Durban
Stop at Nothing: The Lance Armstrong Story,archive,1983,2020-05-18T22:14:27.000Z,Morey Scotchbrook
Leviathan,product,2008,2020-05-03T18:32:07.000Z,Rubia Testin
Merantau,process improvement,2008,2020-04-28T08:01:48.000Z,Desmund Packham
Offspring ,protocol,1941,2020-05-26T09:19:23.000Z,Nikoletta Fairnington
Maid in Sweden,impactful,1899,2020-05-30T02:59:04.000Z,Sapphire McGillreich
Jack Ryan: Shadow Recruit,Grass-roots,1974,2020-04-20T02:38:32.000Z,Lil Baskeyfield
Thunder Bay,Vision-oriented,2005,2020-04-19T00:17:43.000Z,Ania Postin
Sasquatch: The Legend of Bigfoot,extranet,1919,2020-04-06T07:04:39.000Z,Sallie Corhard
Dolls and Angels,Mandatory,1994,2020-05-02T13:58:28.000Z,Nerissa Nuth
Wrong Turn,impactful,1984,2020-04-19T17:56:20.000Z,Nettie Gecks
Paris Trout,interactive,1946,2020-04-21T11:20:00.000Z,Wandis Burnitt
Fuel,support,1918,2020-04-18T01:09:50.000Z,Heath Dobbings
O Panishyros Megistanas Ton Ninja,success,1986,2020-05-28T17:44:11.000Z,Warden Eldritt
Shy People,capability,1963,2020-04-25T20:12:45.000Z,Janaye Wheatley
Wake of Death,Pre-emptive,1982,2020-04-23T13:37:40.000Z,Gradey Chattington
Precious Find,Up-sized,1926,2020-04-15T05:29:14.000Z,Eward Longmire
WarGames: The Dead Code,Focused,2020,2020-04-06T01:35:37.000Z,Brigitte Doddemeede
Alien Nation: Dark Horizon,Pre-emptive,1954,2020-05-03T03:41:11.000Z,Sharron Attwooll
Teenage Paparazzo,stable,2012,2020-05-06T19:13:39.000Z,Willow Oldham
"Short Film About John Bolton, A",Stand-alone,2013,2020-04-08T04:32:06.000Z,Collin Facey
"Whole Ten Yards, The",time-frame,1927,2020-05-04T16:16:23.000Z,Dulcine Tillman
Cheerful Weather for the Wedding,focus group,2010,2020-05-22T23:31:21.000Z,Mair Orrell
"Delicate Balance, A",Seamless,1909,2020-04-15T03:18:11.000Z,Nomi Jeffreys
Pulse (Kairo),tangible,1956,2020-04-14T05:01:51.000Z,Tiphanie Dearn
Littlerock,actuating,2000,2020-04-26T05:18:08.000Z,Sher Riquet
Venom,Self-enabling,1949,2020-04-09T04:43:17.000Z,Karney Harragin
Ruggles of Red Gap,model,1997,2020-05-28T04:13:16.000Z,Jolie Plaxton
What We Do in the Shadows,Intuitive,1923,2020-05-13T03:30:25.000Z,Matthus Bridgwater
Hamlet,scalable,1944,2020-04-07T15:53:37.000Z,Alvinia Rispine
"Machine, The",disintermediate,1979,2020-05-05T12:12:05.000Z,Glynis Gammons
Super Size Me,strategy,1932,2020-04-13T13:51:27.000Z,Robbert Tarver
Triple Cross,multi-state,2005,2020-05-26T22:21:48.000Z,Micheil Bickerdike
Elsewhere,bi-directional,1921,2020-05-15T10:35:51.000Z,Bernita Cogdon
Christmas Evil (a.k.a. You Better Watch Out),initiative,2003,2020-03-31T23:26:28.000Z,Petunia Gouldie
Saving Mr. Banks,forecast,1928,2020-04-06T07:19:51.000Z,Corine Formigli
Lumihiutalemuodostelma,demand-driven,1920,2020-05-11T20:37:42.000Z,Dunn McAlinden
"Ninja, A Band of Assassins (Shinobi No Mono)",intranet,1930,2020-04-13T06:41:52.000Z,Dione Kleen
The Death and Life of Bobby Z,conglomeration,1902,2020-05-18T06:04:57.000Z,Shanon Norres
Serenity,policy,1918,2020-04-07T07:29:13.000Z,Lotti Thorogood
Bossa Nova,encoding,1989,2020-04-03T16:38:53.000Z,Annabela Dennett
"Quiller Memorandum, The",non-volatile,1974,2020-05-09T01:24:38.000Z,Caria Rodder
Gang Tapes,methodical,1995,2020-04-12T05:39:55.000Z,Martita Werndley
The Gold Spinners,Universal,1999,2020-04-20T01:37:58.000Z,Benjy Phillis
School for Scoundrels,leading edge,2009,2020-04-07T14:31:51.000Z,Rey Beeching
Frenchmen (Le coeur des hommes),matrices,1927,2020-05-09T22:54:51.000Z,Agnola Axel
Faces of Death 2,well-modulated,1980,2020-04-28T11:22:32.000Z,Adolph Lowde
Love and Death on Long Island,Graphic Interface,1991,2020-04-29T11:47:00.000Z,Nata Carnall
Erasing David,middleware,1994,2020-05-09T08:36:40.000Z,Lyon Bonnefin
Living with Wolves,Universal,1994,2020-04-11T22:01:13.000Z,Dolph Abbey
"Visitor, The",high-level,1938,2020-04-25T22:09:07.000Z,Sheffield Braidman
Undertow,methodology,1925,2020-05-20T22:52:12.000Z,Dacy Crucitti
Twin Falls Idaho,challenge,1988,2020-04-23T07:07:45.000Z,Ardine Guichard
Fausto 5.0,dynamic,2006,2020-04-19T09:46:58.000Z,Pamelina Lalley
Armadillo,24/7,1920,2020-05-03T18:51:10.000Z,Weidar Aris
"Coluche, l'histoire d'un mec",product,1891,2020-05-20T21:35:58.000Z,Idaline Waberer
Big Daddy,task-force,1892,2020-04-05T01:22:45.000Z,Gearard Hubery
Deadly Voyage,groupware,2014,2020-04-08T19:38:20.000Z,Gretel Spink
Crystal Lake Memories: The Complete History of Friday the 13th,Re-engineered,1930,2020-05-24T19:13:26.000Z,Kelley Meese
Santa with Muscles,foreground,1982,2020-05-07T12:29:11.000Z,Teri Purple
No Such Thing,challenge,1916,2020-04-10T21:21:34.000Z,Debby Ducroe
Winter of Discontent,24 hour,1944,2020-04-18T05:29:27.000Z,Shamus Newark
Recess: School's Out,analyzing,1976,2020-03-31T12:29:54.000Z,Amil Bernocchi
"Koko, a Talking Gorilla",zero administration,1926,2020-05-10T04:33:13.000Z,Dasha Lever
Kill the Irishman,approach,1937,2020-04-26T16:04:50.000Z,Lyle Argont
Elysium,Face to face,1920,2020-05-28T03:46:23.000Z,Frederique Gouge
Teddy Bear (10 timer til Paradis),emulation,1967,2020-04-10T17:16:21.000Z,Francoise Wehner
Hard Core Logo,interactive,1956,2020-04-07T01:01:27.000Z,Pincas Probate
Night Tide,standardization,1939,2020-05-11T00:01:19.000Z,Stanislas Duffitt
Tyler Perry's Meet the Browns,leading edge,1916,2020-04-28T15:53:22.000Z,Ema Campe
Taking Chance,alliance,2017,2020-05-19T09:41:20.000Z,Sybilla Nacey
"Lady Vanishes, The",Self-enabling,2014,2020-05-21T00:16:09.000Z,Elwira Lacy
"Bellboy, The",algorithm,1890,2020-05-04T07:25:38.000Z,Felicio Lant
North,Streamlined,1998,2020-05-16T05:36:10.000Z,Leticia Yalden
"Tempest, The",implementation,1998,2020-03-31T15:25:41.000Z,Grace Colin
Lonely Street,holistic,1988,2020-04-30T09:59:08.000Z,Alonso McDermid
Talk to Her (Hable con Ella),toolset,1914,2020-05-04T19:31:32.000Z,Beale Kleinhaus
"Wise Guys, The (Les grandes gueules)",flexibility,1991,2020-04-07T08:57:44.000Z,Aguste Kift
"Unfaithful Wife, The (Femme infidèle, La)",dedicated,1892,2020-04-05T19:30:10.000Z,Wilden Hunnicot
Suddenly (Tan de Repente),coherent,2008,2020-05-22T20:36:20.000Z,Faye Hanshawe
"Red Squirrel, The (Ardilla roja, La)",core,1957,2020-05-06T23:06:42.000Z,Alejandra Spirit
Genghis Blues,upward-trending,1956,2020-04-17T19:00:16.000Z,Igor Bassingden
K-11,Realigned,1895,2020-03-31T13:56:47.000Z,Fax Lickorish
13 Beloved (13 game sayawng),web-enabled,1917,2020-05-01T23:42:45.000Z,Lolly Basek
Justin Bieber: Never Say Never,Diverse,1968,2020-05-08T08:21:54.000Z,Valdemar Layson
To the Wonder,definition,1993,2020-04-20T18:51:14.000Z,Farra Salvage
Guilty of Romance (Koi no tsumi) ,Phased,2013,2020-04-23T13:17:23.000Z,Almeda Tolotti
Ash Wednesday,value-added,1975,2020-05-06T04:53:16.000Z,Gery Danilovitch
Waking Life,24/7,1948,2020-04-06T05:31:09.000Z,Nikki Masterman
Addicted to Plastic,success,1911,2020-04-30T03:23:41.000Z,Aubert Shelp
Dorian Gray,systemic,1999,2020-05-17T16:57:20.000Z,Muire Gable
"Littlest Rebel, The",framework,2009,2020-05-19T16:22:32.000Z,Lanie Stoyle
Haunt,coherent,2000,2020-05-07T18:13:57.000Z,Del Twitchings
Tears of April (Käsky),Ergonomic,1987,2020-04-12T03:22:46.000Z,Demetra Nelmes
Trial and Error,Adaptive,1949,2020-05-20T18:45:43.000Z,Langsdon Warbrick
Take a Giant Step,bandwidth-monitored,1908,2020-04-09T04:16:58.000Z,Natalee McAlarney
Half Light,Re-contextualized,1919,2020-05-03T12:32:57.000Z,Matti Upex
Requiem for a Heavyweight,optimal,2018,2020-04-18T20:10:28.000Z,Skylar Hovell
Permanent Record,collaboration,2000,2020-05-07T17:27:59.000Z,Lenka Winman
Mighty Joe Young,Virtual,1988,2020-04-09T04:09:14.000Z,Coleman Jakubovits
One Tough Cop,matrices,1971,2020-03-31T22:51:41.000Z,Monika McQuillin
H.H. Holmes: America's First Serial Killer,info-mediaries,1993,2020-04-20T08:22:55.000Z,Shayna Girodin
11 Flowers (Wo 11),4th generation,1903,2020-05-29T19:30:28.000Z,Jud Brunton
Fishtales,Versatile,1969,2020-04-13T01:42:19.000Z,Clem Siddens
Little Nemo: Adventures in Slumberland,Decentralized,2008,2020-04-11T11:12:12.000Z,Conchita Martill
Dom Hemingway,discrete,1943,2020-05-22T05:57:57.000Z,Carmina Praten
Quatre garçons pleins d'avenir,Persistent,1978,2020-04-15T21:26:04.000Z,Preston Rubenov
Memoirs of a Geisha,bottom-line,1926,2020-05-19T15:52:17.000Z,Elianore Haensel
Scary Movie 5 (Scary MoVie),Cross-platform,1986,2020-04-05T15:47:29.000Z,Cinderella Palek
"Fallen Sparrow, The",maximized,2012,2020-04-19T11:40:42.000Z,Tansy Giorgi
My Dear Secretary,pricing structure,1916,2020-04-11T20:53:14.000Z,Delmar Lotwich
What Richard Did,needs-based,1949,2020-05-17T23:32:03.000Z,Yettie Ciepluch
Welcome to the Dollhouse,bi-directional,1934,2020-04-08T19:21:55.000Z,Ilise Cumberland
Gold Diggers of 1935,didactic,2016,2020-04-30T04:30:02.000Z,Felita Belfitt
7th Floor,software,1940,2020-05-02T20:21:18.000Z,Janis Moehle
Our Children (À perdre la raison),Front-line,1920,2020-04-23T02:46:52.000Z,Wren Pieper
Taken,functionalities,1995,2020-03-31T12:14:54.000Z,Dyana Trewartha
Chalet Girl,non-volatile,1980,2020-05-03T08:47:05.000Z,Marlie Strivens
Grumpy Cat's Worst Christmas Ever,artificial intelligence,1976,2020-05-23T16:27:00.000Z,Jacques McCafferky
Lathe of Heaven,coherent,1899,2020-05-22T02:36:20.000Z,Jodie Limer
Decoys,secured line,2018,2020-04-13T21:55:46.000Z,Eula Castagneto
Lure of the Sila,full-range,2001,2020-04-03T12:33:06.000Z,Kendall Scurrell
"Walk on the Moon, A",paradigm,1912,2020-05-14T01:08:55.000Z,Gasper Ornils
Ratcatcher,Visionary,1907,2020-03-31T10:11:32.000Z,Roarke Iceton
Tony Arzenta (No Way Out) (Big Guns),complexity,1968,2020-04-14T13:52:07.000Z,Eddy Kirsop
Ride Lonesome,analyzing,1995,2020-03-31T15:50:22.000Z,Red Arpur
"Man in the Moon, The",internet solution,1949,2020-04-23T23:53:23.000Z,Lee Broske
Wonderland,core,1893,2020-04-19T12:21:55.000Z,Beilul Seine
Monday,benchmark,1970,2020-05-01T04:38:50.000Z,Tresa McGawn
Baghban,Cross-group,1925,2020-05-07T00:54:43.000Z,Darrell O'Hartagan
Fail-Safe,product,1991,2020-04-28T15:07:05.000Z,Ted Deverose
Danton,dynamic,2016,2020-05-07T18:02:48.000Z,Donny Santer
Heat and Dust,Focused,1982,2020-04-17T05:38:19.000Z,Garnet Brosch
Human Lanterns (Ren pi deng long),Public-key,1961,2020-04-03T16:55:27.000Z,Brynna Mayell
Dhoom,systematic,1913,2020-04-27T11:04:59.000Z,Melisent Eldon
Cocaine Cowboys,asynchronous,1955,2020-04-13T20:20:38.000Z,Meryl Karadzas
Santa Claus,Object-based,1908,2020-04-23T12:08:38.000Z,Jareb Robelow
No Regrets for Our Youth (Waga seishun ni kuinashi),Triple-buffered,1912,2020-05-17T13:46:56.000Z,Rosaline Ventris
For Queen and Country,system-worthy,1911,2020-04-25T10:34:56.000Z,Krissie Bewshire
Americathon,definition,1894,2020-05-26T18:02:27.000Z,Dmitri Atrill
"Stranger Among Us, A",policy,1992,2020-04-16T15:40:49.000Z,Sophia Tackle
Percy Jackson: Sea of Monsters,Grass-roots,1971,2020-04-26T09:36:52.000Z,Normie Chinery
Funeral in Berlin,bottom-line,1940,2020-04-20T21:25:42.000Z,Georgeta Lehrmann
"Shop Around the Corner, The",capability,1961,2020-03-31T05:28:45.000Z,Geoff Rojas
"Little Stiff, A",systemic,1899,2020-05-09T07:01:07.000Z,Daffie Mullen
Baggage Claim,moratorium,2009,2020-05-04T17:15:14.000Z,Bernadina Tynan
"Three Lives of Thomasina, The",solution,1915,2020-05-12T09:04:29.000Z,Ula Bodham
Kings of Pastry (Les rois de la pâtisserie),Triple-buffered,1987,2020-05-27T00:01:39.000Z,Edik Worgan
Dance with the Devil (Perdita Durango),incremental,1957,2020-04-08T09:34:12.000Z,Morganica Kerman
San Francisco,radical,1940,2020-04-11T10:46:54.000Z,Merla Spendlove
"Americanization of Emily, The",systematic,1939,2020-05-02T16:12:09.000Z,Cookie Annear
Rubin and Ed,instruction set,1888,2020-05-05T09:54:33.000Z,Myra Andreasen
"Sensation of Sight, The",Visionary,1914,2020-04-15T09:59:36.000Z,Gaylene Coonan
"Man from the Future, The (O Homem do Futuro)",bottom-line,1991,2020-05-02T21:07:08.000Z,Josy Gitsham
DuckTales: The Movie - Treasure of the Lost Lamp,Inverse,1980,2020-04-25T04:21:12.000Z,Deeanne Lucius
Odette Toulemonde,superstructure,1982,2020-04-07T19:58:33.000Z,Gregoor Casari
Dealin' with Idiots,Digitized,1946,2020-04-16T18:58:52.000Z,Rosita Falco
Secrets of the Heart (Secretos del Corazón),Focused,1993,2020-05-20T03:07:08.000Z,Shelli Sellars
"Tracey Fragments, The",process improvement,1895,2020-05-30T14:33:30.000Z,Maribeth Mulford
Sex Lives of the Potato Men,foreground,1893,2020-04-01T18:37:51.000Z,Mariquilla Woodland
HealtH,optimizing,1956,2020-05-28T20:13:32.000Z,Brendon Lydiatt
Moon,global,1933,2020-05-29T21:58:08.000Z,Leigh Elnaugh
Billy Jack,Down-sized,1967,2020-04-11T09:08:35.000Z,Chev Tookey
Cabaret,frame,1898,2020-04-15T00:18:40.000Z,Maximilien Cotilard
Ménilmontant,functionalities,1890,2020-05-27T02:37:32.000Z,Arleen Cruse
"Henry IV, Part II (Second Part of King Henry the Fourth, including his death and the coronation of King Henry the Fifth, The)",matrices,2006,2020-04-06T17:27:00.000Z,Germain Thorpe
License to Wed,knowledge user,1951,2020-05-21T07:07:28.000Z,Benson Dalloway
My Girl,Automated,1904,2020-05-15T01:33:55.000Z,Sande Toseland
Make Like a Thief (Juokse kuin varas),extranet,1888,2020-05-12T07:37:58.000Z,Teodoor Zold
Planet of the Vampires (Terrore nello spazio),transitional,1898,2020-04-27T07:58:14.000Z,Bevin Rubenovic
Tokyo Olympiad,benchmark,1961,2020-04-28T08:44:51.000Z,Yuma Ughelli
Law of the Lawless (Brigada),internet solution,1897,2020-05-30T12:37:39.000Z,Geraldine Copperwaite
"Saimaa Gesture, The (Saimaa-ilmiö)",Innovative,1987,2020-04-01T03:00:14.000Z,Lauryn Slany
High School Musical 3: Senior Year,contingency,1907,2020-04-21T09:35:51.000Z,Gertrudis Worden
"Hero: Love Story of a Spy, The",migration,1891,2020-05-05T02:08:13.000Z,Demetri Petrecz
"Woman in The Septic Tank, The (Ang Babae sa septic tank)",Reduced,1966,2020-03-31T12:37:42.000Z,Vyky Deware
"Umbrellas of Cherbourg, The (Parapluies de Cherbourg, Les)",multimedia,1951,2020-05-10T01:17:55.000Z,Leigh Shalcros
Hackers,Down-sized,1945,2020-05-22T03:50:25.000Z,Nessy Deport
Photographing Fairies,extranet,1981,2020-04-01T12:48:49.000Z,Kirbie Filintsev
"Secret, A (Un secret)",standardization,1903,2020-05-12T23:28:22.000Z,Herbert Barnaby
Lynch,extranet,1951,2020-04-16T17:59:15.000Z,Clint Shovelbottom
Project Moon Base,info-mediaries,1978,2020-05-17T07:40:28.000Z,Richie Kennet
"Gospel According to St. Matthew, The (Vangelo secondo Matteo, Il)",optimal,1985,2020-04-30T15:37:33.000Z,Sayre Hayer
"List of Adrian Messenger, The",Multi-tiered,1989,2020-04-24T09:49:44.000Z,Hill Arbuckle
"Dirties, The",explicit,1985,2020-04-03T00:04:48.000Z,Tana Keighly
"Woman Next Door, The (Femme d'à côté, La)",stable,1931,2020-04-16T10:46:44.000Z,Gert McCathie
Sorrow and Joy (Sorg og glæde),budgetary management,1911,2020-04-23T11:05:07.000Z,Leesa Pyne
Tokyo Trial (Tokyo saiban),Switchable,1956,2020-04-08T15:41:16.000Z,Brigitta Szymonwicz
Mariage à Mendoza,Open-source,1891,2020-05-07T17:15:14.000Z,Gerti De Anesy
Grotesque,dynamic,1951,2020-04-04T06:05:39.000Z,Barby Leaning
House of 1000 Corpses,intangible,1923,2020-04-04T09:01:04.000Z,Hannie Dyhouse
The great match,leading edge,1936,2020-04-22T22:27:14.000Z,Linc Atwell
Salla: Selling the Silence,Multi-channelled,2004,2020-05-28T18:27:13.000Z,Eda Ferrucci
Geek Charming,algorithm,1938,2020-05-27T15:27:12.000Z,Angel Assiratti
"Wild One, The",superstructure,1957,2020-04-21T10:52:10.000Z,Salvatore Angless
Killer Condom (Kondom des Grauens),website,1891,2020-05-05T14:50:52.000Z,Cicely Garrand
Beyond Tomorrow (Beyond Christmas),Mandatory,1981,2020-05-10T11:27:25.000Z,Risa Bridgen
"Secret Lives of Dentists, The",homogeneous,1943,2020-04-02T14:21:18.000Z,Marlee McKoy
"Shadow Riders, The",support,1977,2020-05-03T08:00:11.000Z,Berry Tolerton
"Flying Fleet, The",Quality-focused,1901,2020-04-23T06:43:54.000Z,Dulcy Briance
Shadow Kill,toolset,1964,2020-05-06T01:46:20.000Z,Mart McWhorter
Angels Fall,Distributed,1953,2020-05-30T07:15:06.000Z,Jaine Sadat
The Key,motivating,1967,2020-04-25T00:44:13.000Z,Mufinella Kruszelnicki
Sin Retorno,attitude,1892,2020-05-19T15:30:37.000Z,Magdalena Drinnan
Weeds,access,1959,2020-05-28T02:31:21.000Z,Rosalyn Foch
Woman on the Beach (Haebyeonui yeoin),Organized,2009,2020-05-28T10:42:44.000Z,Jackqueline Shapter
Insomnia,monitoring,2012,2020-05-22T01:24:39.000Z,Emera Dunnico
"Mystery of Picasso, The (Le mystère Picasso)",Sharable,2018,2020-04-19T23:12:44.000Z,Bertram Tyres
Preaching to the Perverted,Re-engineered,1959,2020-05-28T14:15:08.000Z,Shena Cuss
"Legend of Rita, The (Stille nach dem Schuß, Die)",systematic,1930,2020-04-03T19:10:27.000Z,Margarette Village
Gory Gory Hallelujah,data-warehouse,1968,2020-05-02T03:01:12.000Z,Kennan De Zuani
Across 110th Street,ability,1984,2020-04-17T08:18:43.000Z,Isador Atyeo
That Sugar Film,local area network,1970,2020-05-03T11:58:11.000Z,Katuscha Stuttman
"Night in Old Mexico, A",Synchronised,1975,2020-05-02T06:24:21.000Z,Vanessa Fawthorpe
Stations of the Cross,interactive,1895,2020-05-27T17:16:16.000Z,Gerik Gavan
Between Strangers,complexity,1928,2020-05-11T20:08:05.000Z,Regen Twort
Street Without End (Kagirinaki hodo),transitional,1922,2020-05-01T14:56:45.000Z,Joscelin Kupka
1-900,tertiary,1905,2020-05-03T14:27:15.000Z,Genia Pascow
Policeman (Ha-shoter),Diverse,2004,2020-04-15T20:04:36.000Z,Deanne Lightowler
Kung Fu Panda,stable,1963,2020-04-01T01:14:24.000Z,Minerva Fairney
Jaws,initiative,1955,2020-05-23T16:56:55.000Z,Man Regitz
True Grit,software,1918,2020-04-11T16:46:44.000Z,Danyelle McCane
Desert Blue,Robust,1896,2020-04-18T22:30:15.000Z,Powell Francis
Cheeky (Trasgredire),Switchable,1962,2020-05-12T10:45:23.000Z,Elysee Richardot
Woodsman and the Rain (Kitsutsuki to ame),leading edge,1990,2020-04-29T20:50:15.000Z,Willis Napier
"Little Engine That Could, The",superstructure,1944,2020-04-13T22:59:14.000Z,Kristyn Goggin
Jane Eyre,Operative,1999,2020-05-20T03:46:14.000Z,Verina Beushaw
Getaway,system engine,1961,2020-05-24T08:05:19.000Z,Filippo Congreave
Crying Freeman,throughput,1979,2020-05-14T17:50:44.000Z,Norah Sweetenham
Woman of Antwerp,national,1931,2020-05-12T16:58:57.000Z,Eda Bothams
Fair Game,extranet,2016,2020-04-14T21:21:15.000Z,Eugenie Cirlos
Manhattan,migration,1975,2020-04-11T14:25:06.000Z,Stuart Adderson
Djomeh,project,1909,2020-04-10T01:50:58.000Z,Maryjo Daintrey
Coco Before Chanel (Coco avant Chanel),system engine,1898,2020-05-18T15:59:00.000Z,Hoyt Borsay
Moonlight and Cactus,Expanded,1969,2020-05-07T21:15:09.000Z,Elvyn Hacker
Man Push Cart,Reduced,1906,2020-05-29T06:47:59.000Z,Rivy Masdon
Rouge (Yin ji kau),product,1990,2020-05-17T00:58:58.000Z,Othella Kersaw
Daria: Is It College Yet?,info-mediaries,1951,2020-04-19T04:38:33.000Z,Verene Woof
Judy Moody and the Not Bummer Summer,Virtual,1976,2020-05-03T17:35:11.000Z,Hersch Lawty
Wu Tang Master (Tian shi zhuang xie),context-sensitive,1910,2020-04-16T22:40:09.000Z,Antonius Turfrey
Any Given Sunday,Sharable,1924,2020-04-03T10:59:59.000Z,Arnuad Ide
"Cry in the Night, A",Synergized,1960,2020-04-17T19:24:21.000Z,Erina Mulles
Stephen Tobolowsky's Birthday Party,Front-line,1893,2020-04-26T08:34:41.000Z,Martha Adamovitch
"Life, Above All",Proactive,1961,2020-05-30T06:23:00.000Z,Thaxter Forestall
"Code, The (Mentale, La)",multi-state,1901,2020-04-24T21:00:18.000Z,Hyacinthe Sherburn
12:01 PM,data-warehouse,2016,2020-04-13T15:48:54.000Z,Nestor McGaugey
"Way, Way Back, The",toolset,1903,2020-04-28T07:38:02.000Z,Ignazio Stennet
Mad City,zero administration,1910,2020-04-23T05:04:04.000Z,Donal Savatier
"Miracle of Morgan's Creek, The",middleware,1971,2020-05-26T13:20:33.000Z,Trudi Couthard
Curly Sue,archive,2001,2020-04-26T15:46:27.000Z,Brunhilda Roffey
Exists,pricing structure,1891,2020-05-14T20:46:16.000Z,Bobbye Golston
Millennium,bifurcated,1995,2020-04-05T10:47:00.000Z,Berrie Bush
Family Tree (L'arbre et la forêt),Vision-oriented,1959,2020-05-05T01:10:35.000Z,Kaycee Blewis
Cul-de-sac,focus group,1916,2020-05-18T14:00:22.000Z,Trudy Hovard
Sharpe's Gold,well-modulated,1927,2020-04-20T02:04:38.000Z,Graeme Sommerlie
Biggie and Tupac,model,1892,2020-03-31T12:27:18.000Z,Lorie Domenget
"Glass Menagerie, The",grid-enabled,1963,2020-04-05T23:43:46.000Z,Clarey Stroulger
Sibling Rivalry,Streamlined,1938,2020-05-10T22:39:18.000Z,Addy Napton
Air Raid Wardens,Distributed,1965,2020-04-01T07:01:22.000Z,Cliff Harradence
LEGO Batman: The Movie - DC Heroes Unite,well-modulated,1914,2020-05-06T12:53:15.000Z,Jobey Lickess
The Two Policemen,Organized,1893,2020-05-03T11:13:58.000Z,Carlos Cassel
"Texas Chainsaw Massacre 2, The",help-desk,2014,2020-04-03T14:37:26.000Z,Desirae Garioch
"Fast and the Furious, The",data-warehouse,1899,2020-04-15T22:23:59.000Z,Emmi Bride
Any Day Now,motivating,1893,2020-05-23T21:06:55.000Z,Vernen Docherty
"Battle for Marjah, The",Future-proofed,1972,2020-05-23T19:48:06.000Z,Brandie Pesticcio
"Now You See Him, Now You Don't",protocol,2009,2020-05-22T15:58:56.000Z,Dorelia Redbourn
My Own Man,national,1985,2020-04-04T18:25:34.000Z,Tammara Haldenby
"Sugar Curtain, The (El telón de azúcar)",Automated,1895,2020-05-23T11:43:40.000Z,Daffy Klasen
Russkies,concept,1904,2020-05-05T01:15:58.000Z,Ax Farnhill
"Legend of Bigfoot, The",Diverse,1982,2020-05-04T20:35:47.000Z,Donielle Colqueran
Starship Invasions,Decentralized,1952,2020-04-20T11:13:17.000Z,Gui Dearle
"Prefab People, The (Panelkapcsolat)",knowledge base,1968,2020-05-08T20:45:44.000Z,Dona Elman
Love and a .45,leverage,2018,2020-05-27T08:59:59.000Z,Lettie Chadwyck
One Night at McCool's,scalable,1948,2020-04-02T09:03:03.000Z,Otho Polly
Princess,core,1891,2020-05-20T03:35:17.000Z,Klarrisa Callow
Chunhyang,contextually-based,1921,2020-05-20T21:15:38.000Z,Eveline Abbe
"Equalizer, The",Advanced,2015,2020-05-13T17:51:24.000Z,Viv Davers
I Spit on Your Grave 2 ,uniform,2019,2020-04-02T10:56:55.000Z,Luelle Croft
Sex Drive,help-desk,2005,2020-04-29T08:43:14.000Z,Washington Fery
Jakob the Liar,protocol,1914,2020-04-05T05:35:33.000Z,Earlie Ikin
Film ist. 7-12,architecture,1966,2020-04-09T13:19:41.000Z,Aveline Goolding
"Skin Game, The",knowledge base,1928,2020-04-16T10:22:32.000Z,Suellen Mewhirter
New Kids Turbo,functionalities,1969,2020-04-16T18:39:16.000Z,Alix Wilmot
There's Always A Woman,migration,1923,2020-04-27T15:40:32.000Z,Maury Twaite
"Fragile Trust: Plagiarism, Power, and Jayson Blair at the New York Times, A",function,2016,2020-04-17T10:51:50.000Z,Gregoire Templeton
Carnegie Hall,framework,1966,2020-05-12T00:10:02.000Z,Leila Flohard
Antichrist,approach,1988,2020-04-25T02:00:16.000Z,Leontyne Longmuir
"Associate, The (Associé, L')",Fundamental,1958,2020-04-12T16:22:09.000Z,Corena Ferrers
Golden Gate,budgetary management,1947,2020-04-03T05:16:11.000Z,Dannie Airton
"Human Condition I, The (Ningen no joken I)",hardware,1972,2020-05-17T14:23:38.000Z,Rayshell Radki
Echoes from the Dead (Skumtimmen),function,1998,2020-04-23T16:24:20.000Z,Florentia Cymper
Dead or Alive: Hanzaisha,asymmetric,1938,2020-05-02T08:00:57.000Z,Marcos Eddisforth
"Painted Veil, The",Enhanced,1897,2020-05-16T08:03:44.000Z,Beauregard Fryatt
Capital (Le capital),strategy,1895,2020-04-07T18:57:57.000Z,Kordula Pittson
Days Of Darkness,Enhanced,1926,2020-05-19T07:51:22.000Z,Gabriella Terron
Brainscan,local area network,1908,2020-04-16T09:37:40.000Z,Odessa Pyffe
Nothing Lasts Forever ,foreground,1975,2020-05-27T07:04:14.000Z,Denver Jordin
"Stranger in Town, A",Reduced,1934,2020-05-09T05:21:03.000Z,Yolane Dearness
"Crimson Rivers, The (Rivières pourpres, Les)",paradigm,2011,2020-05-17T05:57:00.000Z,Bobbye Sawkin
Derek,pricing structure,1947,2020-04-22T03:36:11.000Z,Daryle Turrill
Natural City,Intuitive,1932,2020-05-24T12:00:29.000Z,Marris Milton-White
Happy Accidents,Intuitive,1913,2020-05-28T19:00:20.000Z,Edee Kepe
"Heat's On, The",Intuitive,1995,2020-05-01T07:10:33.000Z,Yancey Simeons
W.W. and the Dixie Dancekings,frame,1890,2020-04-02T08:14:20.000Z,Damaris Stooke
Divided We Fall (Musíme si pomáhat),Cross-platform,2004,2020-04-15T09:30:20.000Z,Leelah Fearns
Diamonds,24/7,1927,2020-05-06T16:37:46.000Z,Carine Dunrige
"Goodbye, 20th Century",Profound,1900,2020-04-01T06:26:43.000Z,Tymothy O'Sherrin
"Farewell, My Queen (Les adieux à la reine)",actuating,2003,2020-04-09T02:55:40.000Z,Karylin Ivashechkin
Pianomania,flexibility,1926,2020-04-11T18:16:22.000Z,Eden Simenet
Marat/Sade,database,1892,2020-04-13T07:47:04.000Z,Isaac Bussy
Destination Gobi,secured line,1932,2020-05-01T18:25:01.000Z,Damien Henworth
"Three Musketeers, The",challenge,2001,2020-04-11T08:22:09.000Z,Merissa Hawton
Rudolph the Red-Nosed Reindeer: The Movie,tertiary,1890,2020-04-12T15:59:10.000Z,Page Quinet
Date Movie,emulation,1967,2020-04-12T14:55:03.000Z,Noel Willerstone
Michael Jackson's This Is It,Profound,1920,2020-05-14T14:31:21.000Z,Joann Winham
Wonderful and Loved by All (Underbar och älskad av alla),function,1952,2020-04-12T06:21:03.000Z,Callie Traviss
Drop Dead Fred,grid-enabled,1920,2020-05-01T04:02:38.000Z,Vin Gomme
"Stolen Children (Ladro di bambini, Il)",empowering,1963,2020-05-01T00:42:00.000Z,Kata Ivankovic
Every Night Dreams (Each Night I Dream) (Yogoto no yume),paradigm,1961,2020-05-16T13:03:12.000Z,Samuele Steadman
Wrestling (Bræðrabylta),mobile,1924,2020-04-04T23:42:13.000Z,Katti Gerbi
"Oxford Murders, The",Optional,1900,2020-04-22T07:13:39.000Z,Kathryne Heamus
Beloved Berlin Wall (Liebe Mauer),knowledge base,1991,2020-04-14T18:01:22.000Z,Nils Petrolli
Hunky Dory,even-keeled,1960,2020-04-25T15:56:51.000Z,Madalena Parradye
Shakedown,Switchable,1898,2020-05-01T06:47:59.000Z,Maryjo Plain
Evil Remains (Trespassing),incremental,1989,2020-04-20T02:48:27.000Z,Easter Skirvin
Joe,Ameliorated,1910,2020-05-09T11:36:48.000Z,Carlynne Edling
Frownland,Balanced,1957,2020-05-26T21:06:52.000Z,Skell Shelton
"Corbeau, Le (Raven, The)",task-force,1985,2020-04-26T14:06:07.000Z,Mandi Scorer
Frozen City (Valkoinen kaupunki) ,model,1903,2020-05-27T23:32:40.000Z,Miltie Ivanchov
Impact,attitude-oriented,1929,2020-04-11T11:23:27.000Z,Burch Jewett
"Dead Times (Temps morts, Les)",value-added,2006,2020-03-31T07:01:15.000Z,Gib McIlraith
Battlestar Galactica: Razor,Re-engineered,1908,2020-05-01T22:17:08.000Z,Burlie Dunnett
"Dead Girl, The",definition,1909,2020-04-04T04:53:20.000Z,Tomas Strevens
Big Nothing,Cross-platform,2004,2020-04-19T01:14:11.000Z,Rhodia Waistell
Back to the Secret Garden,Assimilated,1889,2020-05-24T18:46:28.000Z,Hyacinthie Caccavari
Donkey Skin (Peau d'âne),Synergistic,1937,2020-05-14T15:31:26.000Z,Halsey Caldecourt
Everything Put Together,Extended,1956,2020-04-26T06:00:32.000Z,Othelia Shankland
Stuck in Love,system-worthy,1985,2020-04-16T03:11:40.000Z,Claybourne Frohock
Alice,attitude,1962,2020-05-18T10:14:48.000Z,Brianne McGlashan
After Life (Wandafuru raifu),heuristic,2004,2020-04-01T03:03:43.000Z,Launce Beenham
One Missed Call (Chakushin ari),composite,1975,2020-04-16T02:03:32.000Z,Clay Dallemore
Sex & the Other Man,customer loyalty,1941,2020-04-29T02:37:04.000Z,Terza Mourbey
Sansa,secured line,1901,2020-05-04T09:43:53.000Z,Clive McCunn
The Hunchback of Paris,algorithm,1942,2020-04-12T08:38:02.000Z,Maegan O'Reilly
"Sergeant, The",functionalities,1955,2020-04-28T04:46:24.000Z,Gabie Valadez
They,strategy,1927,2020-04-06T03:03:15.000Z,Karla Camilli
Abduction,Digitized,1890,2020-04-30T01:29:57.000Z,Sharyl Oyley
My Man and I,tertiary,1938,2020-04-13T01:30:56.000Z,Jemmie Muscroft
"Perks of Being a Wallflower, The",utilisation,1992,2020-05-07T18:54:10.000Z,Corliss Mairs
15,dedicated,1960,2020-05-17T18:23:45.000Z,Inglebert Pritchard
Cheri,Diverse,2008,2020-04-25T01:35:40.000Z,Travers Swanton
Stalag 17,reciprocal,1932,2020-04-21T08:36:36.000Z,Claudell Oades
"Hell of a Day, A (Reines d'un jour)",static,1937,2020-05-18T04:37:20.000Z,Wilburt Pattington
Saratoga Trunk,Decentralized,1953,2020-05-09T15:01:20.000Z,Suzi Risborough
Unmade Beds,bottom-line,1888,2020-04-20T19:04:47.000Z,Frank O'Kane
"Pest, The",context-sensitive,2016,2020-05-06T05:29:03.000Z,Vivienne Moye
First Sunday,Organized,1968,2020-05-05T10:14:15.000Z,Anders Nellen
"Debutantes, Los",utilisation,1987,2020-04-27T00:05:32.000Z,Mal Pears
Breakfast on Pluto,collaboration,1917,2020-05-05T15:36:03.000Z,Gwenora Tattersdill
Mimic: Sentinel,Virtual,1905,2020-04-27T23:04:45.000Z,Ofelia Irvine
Secret,Reduced,2001,2020-05-28T10:23:19.000Z,Gradeigh Quarrie
"Player, The",hierarchy,1995,2020-04-13T11:07:22.000Z,Martguerita Schuricht
"Yor, the Hunter from the Future",secured line,1997,2020-04-01T22:11:56.000Z,Tildi Dipple
Once a Thief (Zong heng si hai),standardization,1963,2020-05-04T16:37:46.000Z,Alfons Rzehorz
Bomber,solution,1955,2020-05-07T20:18:36.000Z,Alf MacEntee
Crossing Delancey,Focused,1990,2020-04-11T06:35:47.000Z,Shanon Emmet
Freeze Frame,Customer-focused,1999,2020-04-29T10:12:47.000Z,Arleta Sommerling
Father Sergius (Otets Sergiy),Focused,1949,2020-05-08T14:22:19.000Z,Ardine Gallier
Waking the Dead,Integrated,1946,2020-04-07T09:37:56.000Z,Nicole Knoton
Endless Love,Customer-focused,1975,2020-05-17T01:25:37.000Z,Lyda Steers
Feast of July,uniform,1978,2020-05-01T16:04:21.000Z,Cleveland Crysell
"Fearless Hyena, The (Xiao quan guai zhao)",directional,1897,2020-05-22T09:50:21.000Z,Philis Vassel
Hellraiser: Deader,Innovative,1906,2020-05-13T18:49:25.000Z,Reeva Hatchman
Stretch,zero tolerance,1905,2020-04-07T11:40:24.000Z,Austin Pauler
Walker,throughput,1991,2020-04-16T13:33:31.000Z,Sunshine Reisenstein
B.F.'s Daughter,encoding,1892,2020-05-02T10:16:00.000Z,Elisabeth Corking
Orpheus (Orphée),Extended,1998,2020-05-29T23:21:58.000Z,Elset Barhem
"Virginity Hit, The",modular,1900,2020-05-27T01:04:04.000Z,Tamas Pottiphar
"Road, Movie",Reduced,1892,2020-05-24T07:18:00.000Z,Pail Knutton
"Life, Above All",architecture,1913,2020-05-13T20:11:58.000Z,Madalyn Fray
Surviving Christmas,human-resource,1918,2020-05-27T12:06:27.000Z,Eben Pridgeon
"Baader Meinhof Komplex, Der",Implemented,1938,2020-04-02T18:16:24.000Z,Edlin Grafham
MacGyver: Lost Treasure of Atlantis,Synchronised,1902,2020-05-15T15:46:37.000Z,Collette Breede
Class of Nuke 'Em High,hierarchy,1957,2020-05-23T23:56:27.000Z,Keefer Snelgar
Chain Reaction,middleware,1936,2020-05-26T17:29:36.000Z,Leigha Hastings
Moon Man,global,1988,2020-04-23T19:24:35.000Z,Doralyn McKirdy
Scooby-Doo! Camp Scare,synergy,1919,2020-05-27T01:10:49.000Z,Clareta Oakenford
"Night We Never Met, The",artificial intelligence,1977,2020-04-26T09:13:06.000Z,Alicea Karlowicz
Baghban,Profound,1912,2020-04-20T20:54:22.000Z,Licha Parrott
"Gentleman's Game, A",dedicated,2012,2020-04-03T15:34:47.000Z,Broderick Wassell
